,Name,Surface,SPW,RPW,Golden Ratio
0,Abedallah Shelbayh,Clay,0.5493246875,0.3759722222222222,1.461077853712597
1,Abedallah Shelbayh,Grass,0.453177,0.4243,1.0680579778458636
2,Abedallah Shelbayh,Hard,0.5251209677419354,0.38135714285714284,1.376979499604251
3,Adam Walton,Clay,0.72,0.309,2.3300970873786406
4,Adam Walton,Grass,0.5811433333333333,0.3254444444444444,1.7856913622396724
5,Adam Walton,Hard,0.5860455462184874,0.3831597222222222,1.5295071799811903
7,Adrian Andreev,Clay,0.5528525242718446,0.40317391304347827,1.3712507342017066
8,Adrian Andreev,Grass,0.700185,0.4784999999999999,1.4632915360501568
9,Adrian Andreev,Hard,0.5479951351351351,0.3918809523809524,1.398371448792495
11,Adrian Mannarino,Clay,0.5168672727272727,0.3705806451612903,1.3947497784249179
12,Adrian Mannarino,Grass,0.5518485714285714,0.36369444444444443,1.5173412183173123
13,Adrian Mannarino,Hard,0.575668644338118,0.3823095975232198,1.505765610038483
14,Aidan Mayo,Clay,0.5642316666666667,0.34072727272727277,1.655962735681252
15,Aidan Mayo,Grass,0.46288,0.3995,1.158648310387985
16,Aidan Mayo,Hard,0.5010332000000001,0.39339175257731956,1.2736240572342046
18,Akira Santillan,Clay,0.6681021428571429,0.39633823529411766,1.6856868284770774
19,Akira Santillan,Grass,0.5448526666666668,0.3758235294117647,1.4497566651014766
20,Akira Santillan,Hard,0.5706041666666667,0.3922289719626168,1.4547731234934138
22,Alastair Gray,Grass,0.42228000000000004,0.33944444444444444,1.2440327332242227
25,Albano Olivetti,Clay,0.7099199999999999,0.315875,2.247471309853581
26,Albano Olivetti,Grass,0.5114266666666667,0.29228571428571426,1.7497491039426525
27,Albano Olivetti,Hard,0.4925730434782608,0.3080097087378641,1.5992127179908862
29,Albert Ramos,Clay,0.5420196577380952,0.40873245614035086,1.3260988932867521
30,Albert Ramos,Grass,0.5729461538461538,0.3571153846153846,1.604372644049542
31,Albert Ramos,Hard,0.5422280086580087,0.3553319672131147,1.5259758723954064
33,Aldin Setkic,Clay,0.514345625,0.35754545454545456,1.4385461161962878
34,Aldin Setkic,Grass,0.5908100000000001,0.35300000000000004,1.6736827195467423
35,Aldin Setkic,Hard,0.5428350588235294,0.3526896551724138,1.5391295175872461
37,Alejandro Davidovich Fokina,Clay,0.560254306569343,0.4268993288590604,1.312380387354297
38,Alejandro Davidovich Fokina,Grass,0.5104638095238095,0.36372727272727273,1.4034246200354674
39,Alejandro Davidovich Fokina,Hard,0.5642668279569892,0.393,1.4357934553612957
40,Alejandro Moro Canas,Clay,0.5306522916666666,0.4092972972972973,1.2964959582452895
41,Alejandro Moro Canas,Grass,0.5952942857142858,0.3725714285714286,1.5977990797546013
42,Alejandro Moro Canas,Hard,0.53703,0.3825573770491803,1.403789424065821
43,Alejandro Tabilo,Clay,0.59862635,0.4136948356807512,1.4470239857235265
44,Alejandro Tabilo,Grass,0.5458254545454545,0.3422727272727273,1.5947091633466133
45,Alejandro Tabilo,Hard,0.5754670689655172,0.3822892561983471,1.5053184457450244
46,Aleksandar Kovacevic,Clay,0.5567488888888888,0.329,1.6922458628841606
47,Aleksandar Kovacevic,Grass,0.41286538461538463,0.3040769230769231,1.357766253478371
48,Aleksandar Kovacevic,Hard,0.5516746703296703,0.3524641148325359,1.5651938654571518
49,Aleksandar Vukic,Clay,0.5221601098901099,0.38319791666666664,1.3626381751556407
50,Aleksandar Vukic,Grass,0.569458,0.3316857142857143,1.716860194676544
51,Aleksandar Vukic,Hard,0.5701816923076923,0.3664255319148936,1.556064309514664
52,Aleksandre Metreveli,Clay,0.36917,0.3315365853658537,1.1135121018171117
55,Alessandro Giannessi,Clay,0.5247130967741935,0.3882377495462795,1.3515251862741535
56,Alessandro Giannessi,Grass,0.617585,0.467125,1.3220979395236823
57,Alessandro Giannessi,Hard,0.5088397222222222,0.3933409090909091,1.293635394798508
58,Alex Bolt,Clay,0.5634332,0.31582926829268293,1.7839803228048496
59,Alex Bolt,Grass,0.5061540983606557,0.3575949367088608,1.4154397794864355
60,Alex Bolt,Hard,0.5581006074766356,0.35246428571428573,1.5834245627060286
61,Alex De Minaur,Clay,0.5214130379746836,0.4079625,1.2780906038537454
62,Alex De Minaur,Grass,0.5616950704225352,0.40647297297297297,1.3818755680463979
63,Alex De Minaur,Hard,0.5543840880503145,0.39760550458715593,1.3943068736584665
64,Alex Michelsen,Clay,0.5105544444444444,0.3799473684210526,1.3437504425051177
65,Alex Michelsen,Grass,0.5617376000000001,0.37195999999999996,1.5102096999677388
66,Alex Michelsen,Hard,0.6186844897959184,0.39091262135922333,1.5826669592931548
67,Alex Molcan,Clay,0.5638585714285714,0.416,1.3554292582417584
68,Alex Molcan,Grass,0.570357,0.43772727272727274,1.302996261682243
69,Alex Molcan,Hard,0.5942604545454545,0.39486956521739136,1.5049538047286337
70,Alexander Blockx,Clay,0.48404714285714284,0.4006470588235294,1.208163475050863
71,Alexander Blockx,Hard,0.5306180952380952,0.361,1.4698562194961087
73,Alexander Bublik,Clay,0.4910329333333333,0.36481927710843376,1.3459621356230733
74,Alexander Bublik,Grass,0.5507175409836066,0.36124615384615383,1.5244938530699046
75,Alexander Bublik,Hard,0.5552597819314642,0.36416715542521993,1.524738773553356
77,Alexander Cozbinov,Hard,0.68408,0.3655869565217391,1.871182731759529
79,Alexander Ritschard,Clay,0.5442931132075471,0.4143382352941177,1.3136444258425273
80,Alexander Ritschard,Grass,0.61207,0.37844444444444447,1.6173311802701114
81,Alexander Ritschard,Hard,0.5472303703703704,0.387656050955414,1.411638923271469
82,Alexander Shevchenko,Clay,0.5591853211009175,0.4236637168141593,1.3198801287630795
83,Alexander Shevchenko,Grass,0.470938,0.312,1.5094166666666669
84,Alexander Shevchenko,Hard,0.6112479279279278,0.3765877192982456,1.6231223075116763
85,Alexander Zverev,Clay,0.5838053617021277,0.4062796610169492,1.4369544373469696
86,Alexander Zverev,Grass,0.5915828813559322,0.36577966101694914,1.6173203280663546
87,Alexander Zverev,Hard,0.5884595285359802,0.3792698795180723,1.5515588247706866
89,Alexandre Muller,Clay,0.5368692825112108,0.40923553719008265,1.3118833378877468
90,Alexandre Muller,Grass,0.59819,0.391625,1.527456112352378
91,Alexandre Muller,Hard,0.5607164556962025,0.386132183908046,1.4521360276711155
92,Alexei Popyrin,Clay,0.5246768269230769,0.36823423423423424,1.4248453243739674
93,Alexei Popyrin,Grass,0.5286352380952382,0.3252857142857143,1.6251412677499635
94,Alexei Popyrin,Hard,0.546497609561753,0.3533961538461538,1.5464164044062099
96,Alexey Vatutin,Clay,0.5600807936507937,0.4207772727272727,1.3310623694588435
97,Alexey Vatutin,Grass,0.47714,0.38225,1.2482406801831263
98,Alexey Vatutin,Hard,0.5227748201438849,0.4102648401826484,1.2742374411396
99,Alexis Galarneau,Clay,0.5509439583333334,0.40324,1.3662929231557719
100,Alexis Galarneau,Grass,0.719565,0.347,2.0736743515850145
101,Alexis Galarneau,Hard,0.5660341520467835,0.4003157894736842,1.4139690887311185
103,Alibek Kachmazov,Clay,0.5220545454545454,0.36905,1.414590287100787
104,Alibek Kachmazov,Hard,0.5426083035714286,0.38963309352517983,1.3926134935362282
106,Altug Celikbilek,Clay,0.5265513043478262,0.37423333333333336,1.407013372266392
107,Altug Celikbilek,Grass,0.7054076923076923,0.3483846153846154,2.0247957606535656
108,Altug Celikbilek,Hard,0.512955253164557,0.38125311203319506,1.3454454192622955
109,Alvaro Guillen Meza,Clay,0.5915326315789473,0.4216388888888889,1.4029366056289678
111,Alvaro Lopez San Martin,Clay,0.7310663636363636,0.41659259259259257,1.754871249838355
113,Andrea Collarini,Clay,0.5572801699716714,0.40114730290456435,1.3892157966328198
114,Andrea Collarini,Grass,0.7788633333333332,0.36879999999999996,2.1118853940708604
115,Andrea Collarini,Hard,0.4787735714285714,0.3733157894736842,1.282489476546293
117,Andrea Pellegrino,Clay,0.5215081746031747,0.3878611987381703,1.3445742350608887
118,Andrea Pellegrino,Grass,0.5536,0.4192,1.3206106870229006
119,Andrea Pellegrino,Hard,0.5883006818181818,0.38166153846153844,1.5414198773855943
121,Andrea Vavassori,Clay,0.5792368666666667,0.38582320441988954,1.5013012696776165
122,Andrea Vavassori,Grass,0.5413116666666667,0.40408333333333335,1.3396040420705302
123,Andrea Vavassori,Hard,0.5996714606741572,0.37865420560747665,1.583691536482743
125,Andrej Martin,Clay,0.5562503066037736,0.4207442307692308,1.3220628256430331
126,Andrej Martin,Grass,0.602275,0.4132142857142857,1.4575367329299913
127,Andrej Martin,Hard,0.5371292391304348,0.42261788617886176,1.2709571854304083
129,Andrey Rublev,Clay,0.5416175308641975,0.3933652694610778,1.3768819286111094
130,Andrey Rublev,Grass,0.5497709375,0.37151428571428574,1.4798110291855724
131,Andrey Rublev,Hard,0.5672943559718969,0.38494545454545454,1.4737006224473046
133,Antoine Bellier,Clay,0.5146170588235295,0.33535294117647063,1.5345535870899842
134,Antoine Bellier,Grass,0.5444421428571429,0.30378947368421055,1.7921692159192157
135,Antoine Bellier,Hard,0.5696876923076922,0.3250350877192983,1.7526959821632457
137,Antoine Escoffier,Clay,0.5981784615384615,0.42359375,1.4121512924552393
138,Antoine Escoffier,Grass,0.51326,0.48575,1.0566340710241895
139,Antoine Escoffier,Hard,0.5618962,0.3979141791044776,1.4121039900225991
141,Antoine Hoang,Clay,0.5960676470588235,0.3758780487804878,1.5858006313290354
142,Antoine Hoang,Grass,0.550221304347826,0.40027999999999997,1.3745910471365694
143,Antoine Hoang,Hard,0.537629435483871,0.37693714285714286,1.4263105816760266
146,Arklon Huertas Del Pino,Clay,0.5215527777777778,0.40900000000000003,1.275190165715838
147,Arklon Huertas Del Pino,Hard,0.5376000000000001,0.3977142857142857,1.3517241379310347
149,Arthur Cazaux,Clay,0.5708116666666666,0.38152,1.496151359474383
150,Arthur Cazaux,Grass,0.6174058823529412,0.3614117647058824,1.7083170572916668
151,Arthur Cazaux,Hard,0.6840323931623932,0.3939615384615384,1.7362923188735941
153,Arthur Fery,Grass,0.6773416666666666,0.4093333333333333,1.6547434853420195
154,Arthur Fery,Hard,0.49172571428571427,0.39120000000000005,1.2569675723049953
155,Arthur Fils,Clay,0.5369764197530864,0.41039080459770116,1.308451392519564
156,Arthur Fils,Grass,0.5870273333333333,0.34773333333333334,1.6881537576687116
157,Arthur Fils,Hard,0.5851457843137254,0.364394495412844,1.6058030285303275
158,Arthur Rinderknech,Clay,0.5833749425287356,0.3700652173913043,1.5764111705528894
159,Arthur Rinderknech,Grass,0.5088830000000001,0.3245483870967742,1.5679726667329295
160,Arthur Rinderknech,Hard,0.5748638308457711,0.34654260089686095,1.6588547248101937
162,Aslan Karatsev,Clay,0.5666464516129033,0.39051176470588234,1.4510355457272293
163,Aslan Karatsev,Grass,0.606135625,0.37065000000000003,1.6353315122082825
164,Aslan Karatsev,Hard,0.5512471921182266,0.3895531914893617,1.4150755382356575
165,Aziz Dougaz,Clay,0.5347144117647059,0.3759454545454545,1.4223191298089097
166,Aziz Dougaz,Grass,0.5457100000000001,0.414,1.3181400966183578
167,Aziz Dougaz,Hard,0.5764370588235295,0.35806140350877197,1.6098832579407225
169,Beibit Zhukayev,Clay,0.5461736363636364,0.3366842105263158,1.6222133954836784
170,Beibit Zhukayev,Grass,0.543105,0.3166428571428571,1.7151973832618994
171,Beibit Zhukayev,Hard,0.5376366666666667,0.33219847328244273,1.6184200407494218
172,Ben Shelton,Clay,0.5189849999999999,0.33912,1.5303874734607217
173,Ben Shelton,Grass,0.49274307692307695,0.3208461538461539,1.5357612083433227
174,Ben Shelton,Hard,0.609376496350365,0.3479718309859155,1.7512236396371696
176,Benjamin Bonzi,Clay,0.5744353846153847,0.3904491525423729,1.471216881570885
177,Benjamin Bonzi,Grass,0.5717570967741935,0.35158823529411765,1.6262122545024744
178,Benjamin Bonzi,Hard,0.5779369658119657,0.38760902255639096,1.4910307350440613
180,Benjamin Hassan,Clay,0.5512437301587302,0.40172486772486776,1.3721922003002924
181,Benjamin Hassan,Grass,0.656976,0.3586,1.832058003346347
182,Benjamin Hassan,Hard,0.6042005714285714,0.38106422018348624,1.5855610141976668
184,Benoit Paire,Clay,0.523042749244713,0.39103735632183906,1.3375774482636085
185,Benoit Paire,Grass,0.5061780357142857,0.40012068965517245,1.265063389125202
186,Benoit Paire,Hard,0.5270271461187215,0.3796732026143791,1.3881073051500152
187,Bernabe Zapata Miralles,Clay,0.5327176171875,0.4124748201438849,1.291515484512898
188,Bernabe Zapata Miralles,Grass,0.5042435294117646,0.45299999999999996,1.1131203739774056
189,Bernabe Zapata Miralles,Hard,0.559612479338843,0.4008358208955224,1.396113945327021
191,Bernard Tomic,Clay,0.5366203703703704,0.3378679245283019,1.5882548517132757
192,Bernard Tomic,Grass,0.44708698630136984,0.34545555555555557,1.2941953866753493
193,Bernard Tomic,Hard,0.5075512307692308,0.339655,1.4943140267896273
195,Billy Harris,Clay,0.61268,0.39875,1.536501567398119
196,Billy Harris,Grass,0.5692596969696969,0.3294054054054054,1.7281431562092866
197,Billy Harris,Hard,0.5658632673267326,0.36398230088495576,1.554645008702183
201,Blake Mott,Hard,0.5929162499999999,0.37807368421052634,1.5682558050505329
203,Blaz Rola,Clay,0.5609019491525424,0.40497202797202797,1.3850387444322074
204,Blaz Rola,Grass,0.4768418181818182,0.41805882352941176,1.1406093863924172
205,Blaz Rola,Hard,0.5785964417177915,0.3816504854368932,1.5160374840227047
207,Borna Coric,Clay,0.5475701449275362,0.3696666666666667,1.4812537734739482
208,Borna Coric,Grass,0.585775925925926,0.3112857142857143,1.8817950809919606
209,Borna Coric,Hard,0.5652285036496351,0.36269666666666667,1.5584055647500714
211,Borna Gojo,Clay,0.6536452631578947,0.36531147540983605,1.7892820432880803
212,Borna Gojo,Grass,0.5522705263157895,0.38910526315789473,1.4193345056134183
213,Borna Gojo,Hard,0.566188115942029,0.37037068965517245,1.528706595192965
215,Botic Van De Zandschulp,Clay,0.566158962264151,0.42235483870967744,1.340481771189848
216,Botic Van De Zandschulp,Grass,0.6078608695652175,0.3753913043478261,1.6192726430391478
217,Botic Van De Zandschulp,Hard,0.5690803448275862,0.3888783068783069,1.4633892782444935
218,Brandon Holt,Clay,0.6643966666666666,0.3135,2.1192876129718234
219,Brandon Holt,Grass,0.34902000000000005,0.344,1.0145930232558142
220,Brandon Holt,Hard,0.5352162608695652,0.38908695652173914,1.375569784333445
221,Brandon Nakashima,Clay,0.5750055357142857,0.3873035714285714,1.4846378348471576
222,Brandon Nakashima,Grass,0.6022981578947368,0.36302500000000004,1.6591093117408906
223,Brandon Nakashima,Hard,0.6036326470588235,0.3699837398373984,1.631511285669229
224,Bruno Kuzuhara,Clay,0.42664333333333326,0.37776923076923075,1.129375551483065
225,Bruno Kuzuhara,Hard,0.44547454545454546,0.3769130434782609,1.1819027045166162
227,Bu Yunchaokete,Clay,0.459008,0.40857142857142853,1.123446153846154
228,Bu Yunchaokete,Grass,0.5264783333333333,0.3045,1.7289928845101257
229,Bu Yunchaokete,Hard,0.568609009009009,0.3994102564102564,1.423621451585758
231,Calvin Hemery,Clay,0.5835479136690647,0.37791625615763547,1.5441196406900703
233,Calvin Hemery,Hard,0.5492031,0.3664969325153374,1.498520318384975
234,Cameron Norrie,Clay,0.535735,0.3865132743362832,1.386071412217236
235,Cameron Norrie,Grass,0.5543727659574469,0.3561020408163265,1.556780648284423
236,Cameron Norrie,Hard,0.5787345714285714,0.39771385542168675,1.4551531548101402
237,Camilo Ugo Carabelli,Clay,0.5588397983870967,0.42616896551724137,1.31131040409954
238,Camilo Ugo Carabelli,Grass,0.68942,0.39,1.7677435897435898
239,Camilo Ugo Carabelli,Hard,0.696705,0.4061363636363637,1.7154459988808057
240,Carlos Alcaraz,Clay,0.5847683660130719,0.44687581699346407,1.308570174925408
241,Carlos Alcaraz,Grass,0.5846407407407407,0.39755555555555555,1.4705887833053846
242,Carlos Alcaraz,Hard,0.6154792805755396,0.4135107913669065,1.4884237447371167
243,Carlos Gimeno Valero,Clay,0.6079034146341464,0.46365753424657535,1.3111043598632874
244,Carlos Gimeno Valero,Hard,0.36927,0.46950000000000003,0.786517571884984
245,Carlos Taberner,Clay,0.568314450867052,0.43297619047619046,1.312576680583788
246,Carlos Taberner,Grass,0.7755424999999999,0.35875,2.1617909407665503
247,Carlos Taberner,Hard,0.5793054545454546,0.3608695652173913,1.6053042716319827
248,Casper Ruud,Clay,0.5598728571428572,0.39911111111111114,1.4027994750238626
249,Casper Ruud,Grass,0.5018533333333334,0.34346153846153843,1.461163120567376
250,Casper Ruud,Hard,0.5560217727272727,0.3626113537117904,1.5333821377507342
252,Cem Ilkel,Clay,0.5706458823529411,0.3550833333333333,1.6070759418529204
253,Cem Ilkel,Grass,0.44980749999999997,0.39055555555555554,1.1517119487908962
254,Cem Ilkel,Hard,0.5451409478672985,0.3684689440993789,1.4794759683200596
256,Charles Broom,Clay,0.31878000000000006,0.34199999999999997,0.932105263157895
257,Charles Broom,Grass,0.65235,0.37988,1.7172528166789511
258,Charles Broom,Hard,0.5636276470588235,0.38727142857142854,1.455381433993052
259,Christian Harrison,Clay,0.47624428571428573,0.39302380952380955,1.2117441085600047
260,Christian Harrison,Grass,0.44196099999999994,0.41306666666666664,1.0699507746933505
261,Christian Harrison,Hard,0.522192619047619,0.39004458598726116,1.3388023774919768
262,Christopher Eubanks,Clay,0.49947217391304344,0.33637500000000004,1.4848671093661638
263,Christopher Eubanks,Grass,0.5015111363636364,0.32248936170212766,1.555124589898457
264,Christopher Eubanks,Hard,0.567879180887372,0.3411823899371069,1.664444583414912
265,Christopher Oconnell,Clay,0.5593665263157894,0.39088235294117646,1.4310355075046532
266,Christopher Oconnell,Grass,0.5782116666666667,0.361,1.6016943674976918
267,Christopher Oconnell,Hard,0.5862674347826087,0.3722412451361868,1.5749663489550145
268,Chun Hsin Tseng,Clay,0.5699615032679739,0.4311929824561403,1.3218246271573975
269,Chun Hsin Tseng,Grass,0.37936499999999995,0.34199999999999997,1.1092543859649122
270,Chun Hsin Tseng,Hard,0.5491342424242424,0.386234375,1.4217642912395934
272,Clement Tabur,Clay,0.5274287878787879,0.40684615384615386,1.2963838613016152
273,Clement Tabur,Grass,0.48484000000000005,0.359,1.3505292479108637
274,Clement Tabur,Hard,0.659697857142857,0.3852941176470588,1.712192911668484
275,Coleman Wong,Clay,0.4833666666666667,0.3835,1.2604085180356368
276,Coleman Wong,Grass,0.57466,0.24025000000000002,2.391925078043704
277,Coleman Wong,Hard,0.5353331428571428,0.37676136363636364,1.420881211625051
278,Conner Huertas Del Pino,Clay,0.5673053333333333,0.4046333333333333,1.4020232309086418
279,Conner Huertas Del Pino,Hard,0.7894350000000001,0.3077142857142857,2.565480501392758
281,Constant Lestienne,Clay,0.5614423076923077,0.4086388888888889,1.3739326406718155
282,Constant Lestienne,Grass,0.4675864,0.3741851851851852,1.2496122735821045
283,Constant Lestienne,Hard,0.5796294464944649,0.4114968553459119,1.4085877910469513
286,Corentin Denolly,Hard,0.2113,0.37061538461538457,0.5701328352013284
287,Corentin Moutet,Clay,0.5417951497005987,0.4162265193370166,1.301683397212636
288,Corentin Moutet,Grass,0.5339104545454546,0.38227272727272726,1.3966741973840668
289,Corentin Moutet,Hard,0.5239650270270271,0.39234499999999994,1.3354701271254308
290,Cristian Garin,Clay,0.5465367567567567,0.4016393939393939,1.3607648179033638
291,Cristian Garin,Grass,0.5143695652173913,0.38128,1.3490599171668887
292,Cristian Garin,Hard,0.5574492361111111,0.3625732484076433,1.5374803258633343
294,Dalibor Svrcina,Clay,0.5290212820512821,0.4495514018691589,1.1767759589931226
295,Dalibor Svrcina,Grass,0.7238533333333335,0.441,1.641390778533636
296,Dalibor Svrcina,Hard,0.5141401612903226,0.4407402597402597,1.1665377735025146
298,Damir Dzumhur,Clay,0.5429404950495049,0.43368895348837205,1.2519122073144113
299,Damir Dzumhur,Grass,0.5411603571428572,0.38312903225806455,1.4124754627792009
300,Damir Dzumhur,Hard,0.5639989349112426,0.40068648648648647,1.407581622871287
302,Dan Added,Clay,0.5354399999999999,0.39307142857142857,1.362195166272942
304,Dan Added,Hard,0.45076333333333335,0.35948484848484846,1.2539146927421396
305,Dane Sweeny,Clay,0.50698,0.3990833333333333,1.2703612445186887
306,Dane Sweeny,Grass,0.5750533333333333,0.38387499999999997,1.4980223597091067
307,Dane Sweeny,Hard,0.5272744827586207,0.37898039215686274,1.3912975279744233
309,Daniel Altmaier,Clay,0.584855282051282,0.4017101449275362,1.4559136467832623
310,Daniel Altmaier,Grass,0.5814263157894737,0.2997142857142857,1.939935276704631
311,Daniel Altmaier,Hard,0.5369300833333333,0.36455244755244753,1.4728472869629714
314,Daniel Cox,Grass,0.557566,0.38293548387096776,1.456031168393564
315,Daniel Cox,Hard,0.616742,0.38528,1.6007630813953488
316,Daniel Dutra Da Silva,Clay,0.5500310256410257,0.3972574257425742,1.3845707845810034
317,Daniel Dutra Da Silva,Hard,0.46729000000000004,0.3787692307692308,1.2337063363119416
318,Daniel Elahi Galan,Clay,0.5597879495268139,0.3906296296296296,1.4330401666088912
319,Daniel Elahi Galan,Grass,0.5848752631578947,0.3396666666666667,1.7219095088063632
320,Daniel Elahi Galan,Hard,0.5579460130718954,0.3705654761904762,1.5056610745494887
322,Daniel Evans,Clay,0.5628641538461538,0.3734782608695652,1.5070867914390615
323,Daniel Evans,Grass,0.5786542307692307,0.37288541666666664,1.5518285374150391
324,Daniel Evans,Hard,0.5651045,0.3877070707070707,1.4575553109449495
326,Daniel Masur,Clay,0.5448636559139785,0.39762251655629144,1.3703038264354481
327,Daniel Masur,Grass,0.5545261538461539,0.34276190476190477,1.6178173424241777
328,Daniel Masur,Hard,0.5639953676470588,0.3722116402116402,1.5152545130678075
329,Daniel Michalski,Clay,0.5278226315789474,0.394184,1.339026017238009
330,Daniel Michalski,Hard,1.1282800000000002,0.4182,2.697943567670971
331,Daniel Rincon,Clay,0.5132800000000001,0.3878695652173913,1.32333146508239
332,Daniel Rincon,Grass,0.5817900000000001,0.436,1.3343807339449545
333,Daniel Rincon,Hard,0.6660621052631579,0.38105714285714287,1.747932344920936
335,Daniil Medvedev,Clay,0.5285327272727273,0.4037802197802198,1.3089614136136016
336,Daniil Medvedev,Grass,0.5726498701298701,0.37538461538461537,1.525501703214818
337,Daniil Medvedev,Hard,0.5974103153153153,0.4108896247240618,1.453943539500453
341,Darian King,Clay,0.5283526666666667,0.41780555555555554,1.264589854397979
342,Darian King,Grass,0.83606,0.3941,2.1214412585638165
343,Darian King,Hard,0.5401986554621849,0.4030917874396135,1.3401380834212882
345,David Goffin,Clay,0.5996213901345291,0.42180672268907565,1.4215548446261372
346,David Goffin,Grass,0.6187905633802817,0.38228169014084507,1.6186769582197333
347,David Goffin,Hard,0.5822843326488707,0.4044971098265896,1.4395265590364776
353,Denis Kudla,Clay,0.5917582075471698,0.3916910569105691,1.5107779386504605
354,Denis Kudla,Grass,0.518309652173913,0.37739999999999996,1.373369507615032
355,Denis Kudla,Hard,0.5574658016877637,0.3887476979742173,1.4340041229639287
356,Denis Shapovalov,Clay,0.5905745070422536,0.34440789473684214,1.7147531054521974
357,Denis Shapovalov,Grass,0.48836511111111114,0.3322127659574468,1.470037160383132
358,Denis Shapovalov,Hard,0.5735402898550724,0.362,1.584365441588598
360,Denis Yevseyev,Clay,0.5633827868852459,0.4053272727272727,1.3899454213739078
361,Denis Yevseyev,Grass,0.5738975,0.4285,1.3393173862310384
362,Denis Yevseyev,Hard,0.5350431531531531,0.40849763033175357,1.30978275863835
364,Dennis Novak,Clay,0.5659203472222223,0.38734841628959277,1.4610111295746826
365,Dennis Novak,Grass,0.5930003225806452,0.38759459459459455,1.529949929257644
366,Dennis Novak,Hard,0.5743911320754717,0.3882216748768473,1.4795442120991353
367,Diego Schwartzman,Clay,0.5757123846153847,0.4354733178654292,1.3220382535429929
368,Diego Schwartzman,Grass,0.5277803703703704,0.44196296296296295,1.1941733009301936
369,Diego Schwartzman,Hard,0.5501264227642276,0.4272281368821293,1.2876643068946687
371,Dimitar Kuzmanov,Clay,0.5544077118644067,0.4156153846153846,1.333944152181619
372,Dimitar Kuzmanov,Grass,0.5678179999999999,0.43179999999999996,1.3150023158869846
373,Dimitar Kuzmanov,Hard,0.5284507246376812,0.39795726495726497,1.3279082232471102
374,Dino Prizmic,Clay,0.622614761904762,0.433860465116279,1.4350576094502985
375,Dino Prizmic,Grass,0.624315,0.43,1.4518953488372093
376,Dino Prizmic,Hard,0.5489063636363637,0.4256153846153846,1.2896769794456404
377,Dmitry Popko,Clay,0.5491014646464646,0.40522857142857144,1.3550413355867066
378,Dmitry Popko,Grass,0.41250000000000003,0.244,1.6905737704918034
379,Dmitry Popko,Hard,0.5408226126126126,0.3845870967741935,1.4062422196399147
381,Dominic Stricker,Clay,0.5110415625,0.3711428571428571,1.3769403146651271
382,Dominic Stricker,Grass,0.5671329166666667,0.38204,1.4844856995777056
383,Dominic Stricker,Hard,0.5674615306122449,0.36093457943925233,1.5722005120536044
384,Dominic Thiem,Clay,0.5964518326693227,0.38145804195804195,1.5636105863903342
385,Dominic Thiem,Grass,0.577700625,0.4131212121212121,1.3983804463434313
386,Dominic Thiem,Hard,0.5840323875432526,0.36965203761755483,1.5799517603295279
387,Dominik Koepfer,Clay,0.5591460952380952,0.41628181818181814,1.3431912488521867
388,Dominik Koepfer,Grass,0.5800202564102565,0.37290243902439024,1.5554209243783448
389,Dominik Koepfer,Hard,0.5576558222222222,0.3839918367346939,1.4522595765688517
390,Duck Hee Lee,Clay,0.4429225,0.38066666666666665,1.1635442206654991
391,Duck Hee Lee,Grass,0.38593999999999995,0.41550000000000004,0.9288567990373042
392,Duck Hee Lee,Hard,0.5627216296296297,0.3972086956521739,1.4166901072135425
393,Duje Ajdukovic,Clay,0.5418458139534884,0.422030487804878,1.2839020630282187
394,Duje Ajdukovic,Grass,0.5139125,0.35862499999999997,1.4330080167305683
395,Duje Ajdukovic,Hard,0.5538121428571429,0.38569333333333333,1.435887258073278
397,Dusan Lajovic,Clay,0.5543805102040816,0.3920242718446602,1.4141484342167343
398,Dusan Lajovic,Grass,0.6570523999999999,0.3121785714285714,2.1047325477634136
399,Dusan Lajovic,Hard,0.5359214432989691,0.35759119496855346,1.4986986560060518
400,Edoardo Lavagno,Clay,0.5523813157894737,0.42363106796116506,1.3039206931822842
401,Edoardo Lavagno,Hard,0.625,0.368,1.6983695652173914
403,Egor Gerasimov,Clay,0.6081663265306122,0.376,1.617463634389926
404,Egor Gerasimov,Grass,0.6681754545454546,0.35015384615384615,1.9082339431219046
405,Egor Gerasimov,Hard,0.5658433783783784,0.37065853658536585,1.5265893606312768
407,Elias Ymer,Clay,0.5271263736263736,0.40079,1.3152183777698387
408,Elias Ymer,Grass,0.5923400000000001,0.40655555555555556,1.4569718502323041
409,Elias Ymer,Hard,0.5607802127659575,0.38362867647058824,1.461778660357657
410,Elliot Benchetrit,Clay,0.5096049494949495,0.38328025477707006,1.3295883185825854
411,Elliot Benchetrit,Hard,0.5277623287671233,0.3636346153846154,1.451353381770078
413,Emil Ruusuvuori,Clay,0.5402386666666666,0.403134328358209,1.340095915093175
414,Emil Ruusuvuori,Grass,0.5578955555555556,0.34739285714285717,1.6059499902904857
415,Emil Ruusuvuori,Hard,0.6043762037037038,0.39817741935483875,1.5178565491809306
416,Emilio Gomez,Clay,0.517538623853211,0.3825195530726257,1.352972991043285
417,Emilio Gomez,Grass,0.6563514285714286,0.371375,1.7673549069577343
418,Emilio Gomez,Hard,0.5424894827586207,0.39085573770491805,1.3879532278177293
419,Emilio Nava,Clay,0.5764922580645161,0.38069333333333333,1.514321916322454
420,Emilio Nava,Grass,0.5304300000000001,0.3657142857142857,1.4503945312500002
421,Emilio Nava,Hard,0.5495462837837838,0.36279374999999997,1.5147622685996764
423,Enzo Couacaud,Clay,0.5903422580645161,0.3975070422535211,1.485111445366568
424,Enzo Couacaud,Grass,0.5780923529411764,0.3548823529411765,1.6289690038123652
425,Enzo Couacaud,Hard,0.5677240760869565,0.40066359447004607,1.4169594740392617
426,Ernesto Escobedo,Clay,0.658607962962963,0.34884615384615386,1.8879610845685817
427,Ernesto Escobedo,Grass,0.5151533333333334,0.36337037037037034,1.417708694322699
428,Ernesto Escobedo,Hard,0.5386316475095786,0.36018541033434653,1.495428832082863
429,Ethan Quinn,Clay,0.49357499999999993,0.350875,1.4066975418596364
431,Ethan Quinn,Hard,0.5298206382978723,0.3744875,1.4147885798534592
433,Evan Furness,Clay,0.5537850877192982,0.4068207547169811,1.3612508243453754
434,Evan Furness,Grass,0.6855000000000001,0.415,1.651807228915663
435,Evan Furness,Hard,0.49954803278688525,0.3599519230769231,1.387818763452279
437,Evgeny Donskoy,Clay,0.5756922666666667,0.37470879120879125,1.5363724582215248
438,Evgeny Donskoy,Grass,0.5793983783783784,0.364390243902439,1.5900490972900612
439,Evgeny Donskoy,Hard,0.56605328125,0.36708149405772494,1.5420370964301076
441,Evgeny Karlovskiy,Clay,0.5995266666666667,0.3825858585858586,1.5670382300137289
442,Evgeny Karlovskiy,Grass,0.5671983333333334,0.4151666666666667,1.3661942994781213
443,Evgeny Karlovskiy,Hard,0.5547814393939394,0.3798188976377953,1.460647279122464
444,Fabian Marozsan,Clay,0.586652,0.4101862745098039,1.4302087525992495
445,Fabian Marozsan,Grass,0.6423977777777777,0.32266666666666666,1.9909022038567492
446,Fabian Marozsan,Hard,0.57985171875,0.3854594594594595,1.5043131113273032
448,Fabio Fognini,Clay,0.5225221204819277,0.40769851380042466,1.2816385215907633
449,Fabio Fognini,Grass,0.5203604347826086,0.36241666666666666,1.4358071320743397
450,Fabio Fognini,Hard,0.5255494879518072,0.37543850267379675,1.3998284251853514
451,Facundo Bagnis,Clay,0.5589002684563759,0.40702185089974297,1.3731456117672742
452,Facundo Bagnis,Grass,0.5945228571428572,0.3631111111111111,1.6373028501486278
453,Facundo Bagnis,Hard,0.5868292857142857,0.36902272727272734,1.5902253231156351
454,Facundo Diaz Acosta,Clay,0.5571176623376624,0.41782513661202186,1.3333751694670843
455,Facundo Diaz Acosta,Grass,0.5121833333333333,0.3476666666666666,1.4732023010546502
456,Facundo Diaz Acosta,Hard,0.578728,0.36067741935483866,1.6045584473660677
457,Facundo Mena,Clay,0.5453028494623655,0.38456133828996286,1.417986664720836
458,Facundo Mena,Grass,0.420425,0.3805,1.104927726675427
459,Facundo Mena,Hard,0.5831988888888889,0.3742931034482759,1.5581342095700197
461,Federico Agustin Gomez,Clay,0.5699075510204081,0.39864634146341466,1.4296068764316272
462,Federico Agustin Gomez,Hard,0.588265925925926,0.3594,1.636800016488386
463,Federico Coria,Clay,0.5475985336538461,0.4316431535269709,1.2686371350487082
464,Federico Coria,Grass,0.9845560000000001,0.37833333333333335,2.602350660792952
465,Federico Coria,Hard,0.5755033333333334,0.3590526315789474,1.602838366070556
467,Federico Gaio,Clay,0.5455186166007905,0.3795568513119533,1.4372514017733673
468,Federico Gaio,Grass,0.5306166666666667,0.40564285714285714,1.3080882784527794
469,Federico Gaio,Hard,0.5444540880503145,0.35946534653465345,1.5146219052796168
470,Felipe Meligeni Alves,Clay,0.5499366818181818,0.39048571428571427,1.4083400792885317
471,Felipe Meligeni Alves,Grass,0.6174688888888888,0.3061111111111111,2.0171397459165155
472,Felipe Meligeni Alves,Hard,0.583107,0.364125,1.6013923789907314
473,Felix Auger Aliassime,Clay,0.569564609375,0.39324087591240875,1.448386076481698
474,Felix Auger Aliassime,Grass,0.6196959375,0.3405142857142857,1.819882347080047
475,Felix Auger Aliassime,Hard,0.5787269784172662,0.37113103448275864,1.5593602384231537
476,Fernando Romboli,Clay,0.4508230769230769,0.33795384615384616,1.3339782400874036
478,Fernando Romboli,Hard,0.5991474999999999,0.33752173913043476,1.7751375112714156
480,Filip Krajinovic,Clay,0.5824608252427185,0.4074229390681004,1.4296220693291908
481,Filip Krajinovic,Grass,0.5170030769230769,0.3962307692307692,1.3048029508833237
482,Filip Krajinovic,Hard,0.5773670370370371,0.38579467680608365,1.4965655872106436
483,Filip Misolic,Clay,0.5610836781609195,0.3952920353982301,1.4194155912998994
484,Filip Misolic,Grass,0.38438,0.495,0.7765252525252525
485,Filip Misolic,Hard,0.48793457142857144,0.38739534883720933,1.2595261478826132
487,Filip Peliwo,Clay,0.5177675,0.38766666666666666,1.3355997420464318
488,Filip Peliwo,Grass,0.55447,0.4266,1.2997421472105017
489,Filip Peliwo,Hard,0.5201940952380952,0.38942241379310344,1.335809334062804
491,Flavio Cobolli,Clay,0.5417448333333333,0.4155698924731183,1.3036190617884496
492,Flavio Cobolli,Grass,0.47008222222222223,0.2991111111111111,1.5715973254086182
493,Flavio Cobolli,Hard,0.5280187000000001,0.3780480769230769,1.3966972251189056
494,Frances Tiafoe,Clay,0.542749652173913,0.37390983606557376,1.4515522188047743
495,Frances Tiafoe,Grass,0.5291674000000001,0.3481153846153846,1.5200919677383717
496,Frances Tiafoe,Hard,0.5526944846796658,0.36410846560846566,1.517939122222967
497,Francesco Maestrelli,Clay,0.5218382417582418,0.39440170940170943,1.323113539618903
498,Francesco Maestrelli,Grass,0.51676,0.4145,1.2467068757539204
499,Francesco Maestrelli,Hard,0.5456708163265306,0.38363157894736843,1.4223824269727097
500,Francesco Passaro,Clay,0.5600832,0.4059530201342282,1.3796749185775457
501,Francesco Passaro,Grass,0.8255499999999998,0.367,2.249455040871934
502,Francesco Passaro,Hard,0.5657611627906977,0.3597333333333333,1.5727237660971953
503,Francisco Cerundolo,Clay,0.5594877669902912,0.4258513513513514,1.3138100072123107
504,Francisco Cerundolo,Grass,0.5154733333333333,0.3827777777777778,1.3466647314949203
505,Francisco Cerundolo,Hard,0.5186687012987012,0.37818823529411766,1.3714564676908356
506,Francisco Comesana,Clay,0.5728865413533835,0.4270130718954248,1.3416135923203845
507,Francisco Comesana,Grass,0.6496925,0.35925,1.8084690327070285
508,Francisco Comesana,Hard,0.9095836363636363,0.358,2.540736414423565
509,Francisco Llanes,Clay,0.37820666666666664,0.3615333333333333,1.0461183846579383
510,Franco Agamenone,Clay,0.5355414864864865,0.40098984771573604,1.335548741538551
511,Franco Agamenone,Grass,0.43075,0.426,1.011150234741784
512,Franco Agamenone,Hard,0.5160346666666666,0.43294285714285713,1.191923271519391
514,Frederico Ferreira Silva,Clay,0.575025641025641,0.3955217391304348,1.4538407984599035
515,Frederico Ferreira Silva,Grass,0.53564,0.4381111111111111,1.2226122241947754
516,Frederico Ferreira Silva,Hard,0.5081287931034483,0.3949139784946236,1.286682216315536
518,Gabriel Decamps,Clay,0.44080125000000003,0.35704545454545455,1.234580203691916
519,Gabriel Decamps,Hard,0.5211882857142858,0.4081875,1.2768354878929065
520,Gabriel Diallo,Clay,0.5279564705882354,0.3980588235294118,1.3263277671050688
521,Gabriel Diallo,Grass,0.6578647058823529,0.34770588235294114,1.8920148874978855
522,Gabriel Diallo,Hard,0.5994947826086957,0.37954615384615387,1.5795043014760632
524,Gael Monfils,Clay,0.5664214285714285,0.3927857142857143,1.4420621931260227
525,Gael Monfils,Grass,0.5849226923076923,0.3557375,1.6442536766792715
526,Gael Monfils,Hard,0.572820712945591,0.3834325744308231,1.4939281405496139
528,Gastao Elias,Clay,0.5627370091324201,0.4053015873015873,1.3884401807528186
529,Gastao Elias,Grass,0.545652,0.376,1.4512021276595746
530,Gastao Elias,Hard,0.5234647222222222,0.39428865979381444,1.3276180007204819
532,Gauthier Onclin,Clay,0.550185,0.4189795918367347,1.3131546517291768
533,Gauthier Onclin,Grass,0.5771499999999999,0.37000000000000005,1.5598648648648645
534,Gauthier Onclin,Hard,0.5682790322580645,0.39686206896551723,1.4319308311307561
535,Genaro Alberto Olivieri,Clay,0.5101239285714285,0.4115228426395939,1.2396005171897302
536,Genaro Alberto Olivieri,Grass,0.4980533333333333,0.3403333333333333,1.463428011753183
537,Genaro Alberto Olivieri,Hard,0.54196,0.3886,1.3946474523932064
539,Geoffrey Blancaneaux,Clay,0.5205578861788618,0.4026294117647059,1.292895826703968
540,Geoffrey Blancaneaux,Grass,0.528045,0.4355,1.2125028702640643
541,Geoffrey Blancaneaux,Hard,0.5182507476635514,0.3849753086419753,1.3461921739649059
543,Gerald Melzer,Clay,0.5754023272727272,0.39739119170984455,1.4479493740084144
544,Gerald Melzer,Grass,0.5571,0.37577777777777777,1.4825251330573626
545,Gerald Melzer,Hard,0.5880470833333333,0.39360655737704914,1.4939971713175066
546,Gian Marco Moroni,Clay,0.5488672891566265,0.4244320388349514,1.2931806247785742
547,Gian Marco Moroni,Hard,0.5640217543859649,0.4132950819672131,1.3646950544422618
549,Gianluca Mager,Clay,0.5688059121621621,0.38027807486631016,1.4957631001001845
550,Gianluca Mager,Grass,0.6704319999999999,0.3854,1.7395744680851062
551,Gianluca Mager,Hard,0.5208768539325843,0.3666990291262136,1.4204478674889114
553,Gijs Brouwer,Clay,0.5576824324324324,0.37964444444444445,1.4689598138292823
554,Gijs Brouwer,Grass,0.5643126470588236,0.361764705882353,1.5598886178861788
555,Gijs Brouwer,Hard,0.5599140740740741,0.3818066666666667,1.4664858499259854
557,Gilles Arnaud Bailly,Hard,0.36566999999999994,0.3907142857142857,0.9359012797074954
558,Giovanni Mpetshi Perricard,Clay,0.5548486,0.3242372881355932,1.7112424150548877
559,Giovanni Mpetshi Perricard,Grass,0.60102,0.3085882352941176,1.9476439191765156
560,Giovanni Mpetshi Perricard,Hard,0.5488315217391304,0.30195918367346936,1.8175685702363742
562,Giulio Zeppieri,Clay,0.5968679194630873,0.3787333333333333,1.5759582453698837
563,Giulio Zeppieri,Grass,0.6675733333333334,0.31066666666666665,2.1488412017167384
564,Giulio Zeppieri,Hard,0.5749263888888889,0.3687260273972603,1.5592237763825423
566,Gleb Sakharov,Clay,0.61785375,0.38165,1.6189014804139918
568,Gleb Sakharov,Hard,0.5665489361702127,0.37853636363636367,1.4966829889940536
570,Goncalo Oliveira,Clay,0.49641366972477063,0.37234408602150537,1.3332121775558412
571,Goncalo Oliveira,Grass,0.8347249999999999,0.23500000000000001,3.5520212765957444
572,Goncalo Oliveira,Hard,0.5057922388059701,0.36072000000000004,1.402174092941811
573,Gonzalo Lama,Clay,0.5503559574468085,0.364828,1.5085354124321833
574,Gonzalo Lama,Grass,0.76452,0.375,2.03872
575,Gonzalo Lama,Hard,0.3978092857142857,0.3868148148148148,1.0284230863927342
577,Gregoire Barrere,Clay,0.5442,0.3932413793103448,1.3838828481234655
578,Gregoire Barrere,Grass,0.56570125,0.3541764705882353,1.5972299036704867
579,Gregoire Barrere,Hard,0.5546536666666666,0.37342088607594937,1.4853311299621752
581,Grigor Dimitrov,Clay,0.5655394054054055,0.3880315789473684,1.4574571660883142
582,Grigor Dimitrov,Grass,0.5932789743589744,0.3658227848101266,1.621766054476089
583,Grigor Dimitrov,Hard,0.5671041198501873,0.37399999999999994,1.5163211760700197
584,Guido Andreozzi,Clay,0.5723877866666667,0.41149321266968325,1.3910017687852798
585,Guido Andreozzi,Grass,0.46142428571428573,0.4104545454545454,1.1241787691820917
586,Guido Andreozzi,Hard,0.5883951685393258,0.41763302752293574,1.4088808349981663
587,Gustavo Heide,Clay,0.5708731081081081,0.38513,1.4822867813676113
588,Gustavo Heide,Grass,0.3787,0.406,0.9327586206896551
589,Gustavo Heide,Hard,0.563635,0.3579444444444444,1.5746437994722957
590,Guy Den Ouden,Clay,0.46576,0.4048333333333333,1.1504981473857554
592,Hady Habib,Clay,0.5223857142857142,0.36200000000000004,1.4430544593528016
593,Hady Habib,Hard,0.48712749999999994,0.3477555555555556,1.40077560866509
594,Hamad Medjedovic,Clay,0.632996507936508,0.4082405063291139,1.5505480179524396
595,Hamad Medjedovic,Grass,0.5598290909090909,0.35418181818181815,1.5806262833675566
596,Hamad Medjedovic,Hard,0.5778891428571428,0.36693055555555554,1.574927827916056
598,Harold Mayot,Clay,0.6070111764705882,0.3998,1.5182870847188301
599,Harold Mayot,Grass,0.5500421428571428,0.37849999999999995,1.4532157010756748
600,Harold Mayot,Hard,0.5187058181818182,0.3736015037593985,1.388393282581292
602,Henri Laaksonen,Clay,0.5628871921182266,0.378904214559387,1.4855659306212423
603,Henri Laaksonen,Grass,0.4418771428571428,0.42983333333333335,1.0280197197141747
604,Henri Laaksonen,Hard,0.5307841999999999,0.3858039215686274,1.3757874669648302
606,Henri Squire,Clay,0.5531716901408451,0.3808191489361702,1.4525837045908718
607,Henri Squire,Grass,0.611005,0.288,2.121545138888889
608,Henri Squire,Hard,0.4957995348837209,0.3501492537313433,1.415966276095878
609,Henrique Rocha,Clay,0.6013033333333333,0.4095892857142857,1.4680641176556073
610,Henrique Rocha,Grass,0.5266466666666666,0.3466666666666667,1.5191730769230767
611,Henrique Rocha,Hard,0.48767125,0.36932142857142863,1.3204520839377234
613,Hernan Casanova,Clay,0.5251683582089551,0.4138019801980198,1.2691296401183059
615,Hernan Casanova,Hard,0.41779399999999994,0.3868888888888889,1.0798811028144744
617,Hiroki Moriya,Clay,0.50605,0.4007222222222222,1.2628448634410094
618,Hiroki Moriya,Grass,0.4968647619047619,0.3958,1.2553430063283526
619,Hiroki Moriya,Hard,0.5179364611260053,0.3895344202898551,1.3296295119199106
620,Holger Rune,Clay,0.5659667213114754,0.4085,1.3854754499668922
621,Holger Rune,Grass,0.5561117647058824,0.33994117647058825,1.6359058660667938
622,Holger Rune,Hard,0.6077534931506849,0.3667987421383648,1.6569126971581232
624,Hubert Hurkacz,Clay,0.5781194827586207,0.3863015873015873,1.4965495917242513
625,Hubert Hurkacz,Grass,0.57104,0.339,1.6844837758112092
626,Hubert Hurkacz,Hard,0.5928273111782477,0.36573065902578794,1.6209396082827363
627,Hugo Dellien,Clay,0.5755973333333333,0.4191139534883721,1.3733671440488147
628,Hugo Dellien,Grass,0.6093000000000001,0.332375,1.833170364798797
629,Hugo Dellien,Hard,0.5413159259259259,0.3830967741935484,1.4130004802714469
631,Hugo Gaston,Clay,0.5457908783783784,0.42039215686274517,1.298289869276926
632,Hugo Gaston,Grass,0.486189375,0.3686875,1.3187031700288183
633,Hugo Gaston,Hard,0.5422478985507246,0.3856554054054054,1.40604252125212
635,Hugo Grenier,Clay,0.540144358974359,0.3827083333333334,1.4113733930739918
636,Hugo Grenier,Grass,0.4694670588235294,0.342,1.3727106983144133
637,Hugo Grenier,Hard,0.5615008225108226,0.38696153846153847,1.4510507290807462
639,Hunter Reese,Hard,0.60201,0.3126,1.925815738963532
641,Hyeon Chung,Clay,0.7588127272727273,0.40402083333333333,1.8781524730104115
642,Hyeon Chung,Grass,0.57216625,0.4176,1.3701299090038312
643,Hyeon Chung,Hard,0.6211479347826087,0.41328813559322036,1.5029416072905966
644,Ignacio Buse,Clay,0.580255,0.4334107142857143,1.3388109266202461
645,Ignacio Buse,Hard,0.74163,0.449625,1.6494412010008341
647,Illya Marchenko,Clay,0.5854964285714286,0.4061379310344828,1.4416196662057588
648,Illya Marchenko,Grass,0.5464238461538462,0.368828125,1.48151349942157
649,Illya Marchenko,Hard,0.5603004809619239,0.38261698440207975,1.4643899873851975
651,Inigo Cervantes Huegun,Clay,0.5562657653061225,0.3885193548387097,1.43175818238721
652,Inigo Cervantes Huegun,Grass,0.55801,0.3901538461538462,1.4302306782334384
653,Inigo Cervantes Huegun,Hard,0.4886015384615385,0.39065,1.2507398911085075
654,Ivan Gakhov,Clay,0.5200213157894736,0.38135526315789475,1.3636138425973845
655,Ivan Gakhov,Grass,0.75306,0.33299999999999996,2.2614414414414417
656,Ivan Gakhov,Hard,0.5520392307692308,0.35884,1.5383993723365033
657,J J Wolf,Clay,0.5942807894736842,0.368,1.6148934496567506
658,J J Wolf,Grass,0.5445375,0.34650000000000003,1.5715367965367963
659,J J Wolf,Hard,0.581657399103139,0.38174693877551025,1.5236727266729646
660,Jack Draper,Clay,0.5756565384615384,0.36288888888888887,1.5863162419332044
661,Jack Draper,Grass,0.7136945833333334,0.36642857142857144,1.9477045159194282
662,Jack Draper,Hard,0.6406882165605096,0.395748502994012,1.618927707150932
663,Jacob Fearnley,Grass,0.6552285714285715,0.38199999999999995,1.7152580403889308
664,Jacob Fearnley,Hard,0.629408064516129,0.4194375,1.5006003624285595
665,Jaime Faria,Clay,0.51396,0.4052142857142857,1.2683659439450026
666,Jaime Faria,Grass,0.6279399999999999,0.2515,2.496779324055666
667,Jaime Faria,Hard,0.49896142857142856,0.37488,1.3309897262362052
669,Jakub Mensik,Clay,0.5817244444444445,0.3986904761904762,1.4590878869314223
670,Jakub Mensik,Grass,0.4443442857142857,0.33599999999999997,1.322453231292517
671,Jakub Mensik,Hard,0.5541368852459015,0.367609375,1.5074068370696518
673,James Duckworth,Clay,0.5870074074074074,0.3656179775280899,1.6055211819071684
674,James Duckworth,Grass,0.5733103076923076,0.33913513513513516,1.6905069640273653
675,James Duckworth,Hard,0.6002725813449024,0.3741784989858012,1.604241245747476
676,James Mccabe,Clay,0.5792733333333334,0.329,1.7607092198581562
677,James Mccabe,Grass,0.7514233333333333,0.3606923076923077,2.0832807279448353
678,James Mccabe,Hard,0.4785381395348837,0.3740208333333333,1.2794424718807118
679,James Trotter,Clay,0.6648820000000001,0.2934,2.2661281526925703
680,James Trotter,Grass,0.39237000000000005,0.373,1.0519302949061664
681,James Trotter,Hard,0.5954294565217392,0.38468085106382977,1.5478531225952292
683,Jan Choinski,Clay,0.5416878260869565,0.39693922651933705,1.3646618673515454
684,Jan Choinski,Grass,0.5974028571428571,0.34886666666666666,1.71241025361033
685,Jan Choinski,Hard,0.5494722727272727,0.38473913043478264,1.4281684114281017
689,Jan Lennard Struff,Clay,0.5924000722021661,0.3938976897689769,1.5039440128466148
690,Jan Lennard Struff,Grass,0.5518571698113207,0.33329310344827584,1.6557713439065027
691,Jan Lennard Struff,Hard,0.5835235279187817,0.3688997613365155,1.5817942679189847
692,Jannik Sinner,Clay,0.5716513978494624,0.4292258064516129,1.3318197304474173
693,Jannik Sinner,Grass,0.6065717647058824,0.3741470588235294,1.62121216885465
694,Jannik Sinner,Hard,0.6048308778625954,0.4044465648854962,1.4954531213136413
696,Jason Jung,Clay,0.5204732352941176,0.3865238095238095,1.346548964047859
697,Jason Jung,Grass,0.4678448387096774,0.3928292682926829,1.1909622741274541
698,Jason Jung,Hard,0.5833227960526316,0.3856783042394015,1.5124594503779671
699,Jason Kubler,Clay,0.5921147619047619,0.38976999999999995,1.5191388816603688
700,Jason Kubler,Grass,0.5401956756756757,0.3981463414634146,1.3567766909276346
701,Jason Kubler,Hard,0.5900735344827587,0.3923846153846154,1.5038141439474344
702,Jaume Munar,Clay,0.5787476948051948,0.42183431952662725,1.3719786845571318
703,Jaume Munar,Grass,0.5135993333333333,0.3355625,1.5305623641894828
704,Jaume Munar,Hard,0.6134725352112677,0.3852925170068027,1.5922254083134353
706,Javier Barranco Cosano,Clay,0.5424906060606061,0.4091777777777778,1.325806618841431
707,Javier Barranco Cosano,Grass,0.49518000000000006,0.39249999999999996,1.2616050955414015
708,Javier Barranco Cosano,Hard,0.41646916666666667,0.4151851851851852,1.0030925512934878
709,Jay Clarke,Clay,0.5686222,0.36101204819277105,1.5750781804832465
710,Jay Clarke,Grass,0.47872608695652175,0.4178,1.1458259620787978
711,Jay Clarke,Hard,0.5120441129032258,0.3753475609756098,1.3641865996739448
713,Jelle Sels,Clay,0.5090918644067797,0.38028260869565217,1.3387198172247108
714,Jelle Sels,Grass,0.518275,0.396,1.3087752525252525
715,Jelle Sels,Hard,0.5380332835820896,0.36750434782608693,1.464018825259454
717,Jerome Kym,Clay,0.6181797222222223,0.4048909090909091,1.5267809386241962
718,Jerome Kym,Hard,0.623573125,0.4091666666666667,1.5240076374745415
719,Jesper De Jong,Clay,0.5900677622377622,0.4299622641509434,1.3723710461032737
720,Jesper De Jong,Grass,0.5544609090909091,0.4093636363636364,1.3544459249389296
721,Jesper De Jong,Hard,0.6216324137931034,0.3969583333333333,1.5659890764180207
723,Ji Sung Nam,Clay,0.9361675,0.38492857142857145,2.4320551122657266
725,Ji Sung Nam,Hard,0.5381671428571428,0.405527397260274,1.3270796165511316
726,Jiri Lehecka,Clay,0.5789564761904762,0.3995689655172414,1.4489525617712025
727,Jiri Lehecka,Grass,0.5511436363636363,0.33354545454545453,1.6523793949304986
728,Jiri Lehecka,Hard,0.5368148837209302,0.35376978417266186,1.5174130401677575
730,Jiri Vesely,Clay,0.5486240163934426,0.3772639405204461,1.4542180088470702
731,Jiri Vesely,Grass,0.5918445454545455,0.36642372881355934,1.615191645396095
732,Jiri Vesely,Hard,0.5860984189723321,0.3534890510948905,1.6580383951269824
734,Joao Domingues,Clay,0.5461960648148149,0.406236,1.344528955618938
735,Joao Domingues,Grass,0.46174000000000004,0.4666666666666666,0.9894428571428573
736,Joao Domingues,Hard,0.5710503703703703,0.39463333333333334,1.4470403844168518
737,Joao Fonseca,Clay,0.5192511538461538,0.3886060606060606,1.336189026584769
738,Joao Fonseca,Grass,0.52358,0.36400000000000005,1.4384065934065933
739,Joao Fonseca,Hard,0.5681466666666667,0.3698421052631579,1.536187087899056
740,Joao Menezes,Clay,0.5400694252873564,0.3805339805825243,1.419240995142179
741,Joao Menezes,Grass,0.7224866666666666,0.3496666666666666,2.066215443279314
742,Joao Menezes,Hard,0.6717070212765958,0.4155135135135135,1.6165708200360376
744,Joao Sousa,Clay,0.5210789169675091,0.37744411764705876,1.3805458678647646
745,Joao Sousa,Grass,0.47674645833333334,0.37269090909090913,1.2792006638859075
746,Joao Sousa,Hard,0.5528927564102565,0.3766135135135135,1.468064040645259
747,Joel Schwaerzler,Clay,0.55823625,0.39041379310344826,1.4298579093799682
750,Johan Nikles,Clay,0.5115979545454545,0.42816279069767443,1.1948678532102843
751,Johan Nikles,Hard,0.54206,0.38075,1.4236638214051216
753,Johan Sebastien Tatlot,Clay,0.7109332,0.4204210526315789,1.6910028542814224
754,Johan Sebastien Tatlot,Hard,0.44888545454545453,0.38818181818181813,1.1563793911007028
756,John Millman,Clay,0.558653717948718,0.39253,1.423212793795934
757,John Millman,Grass,0.571738409090909,0.41822807017543856,1.3670493442754232
758,John Millman,Hard,0.5860605063291139,0.3958987654320988,1.4803292091337175
760,Jonathan Eysseric,Clay,0.5436704,0.384556338028169,1.413760082040764
762,Jonathan Eysseric,Hard,0.5055070833333334,0.37560000000000004,1.345865504082357
764,Jordan Thompson,Clay,0.5940488311688311,0.367,1.6186616653101666
765,Jordan Thompson,Grass,0.5991853684210526,0.3733958333333333,1.6046921656090234
766,Jordan Thompson,Hard,0.5924990476190476,0.38906392694063924,1.52288353299186
767,Joris De Loore,Clay,0.5864165957446809,0.37505555555555553,1.5635459522151172
768,Joris De Loore,Grass,0.6715481818181818,0.3646153846153846,1.8417988108937475
769,Joris De Loore,Hard,0.5688066942148761,0.3689876543209876,1.541533131404074
770,Jose Pereira,Clay,0.5391164285714286,0.40103521126760566,1.3443119542230997
773,Jose Rubin Statham,Clay,0.5347318181818181,0.36190666666666665,1.4775406684462427
774,Jose Rubin Statham,Grass,0.46364,0.41900000000000004,1.1065393794749403
775,Jose Rubin Statham,Hard,0.534185421686747,0.364807881773399,1.464292435486789
777,Jozef Kovalik,Clay,0.5468508915662651,0.4072841648590022,1.3426765358176387
778,Jozef Kovalik,Grass,0.7891733333333333,0.34608333333333335,2.2802985793402355
779,Jozef Kovalik,Hard,0.5643399122807018,0.3566328125,1.5824116360036327
780,Juan Carlos Prado Angelo,Clay,0.5127583333333333,0.4213921568627451,1.216819831557396
782,Juan Ignacio Londero,Clay,0.5754811627906977,0.4055157894736842,1.419133798803766
783,Juan Ignacio Londero,Grass,0.5995833333333334,0.375375,1.5972915972915973
784,Juan Ignacio Londero,Hard,0.5673325581395349,0.37364788732394366,1.518361477172414
785,Juan Manuel Cerundolo,Clay,0.54940625,0.43721259842519683,1.2566112046608797
786,Juan Manuel Cerundolo,Grass,0.7166,0.38466666666666666,1.8629116117850955
787,Juan Manuel Cerundolo,Hard,0.45791809523809524,0.34209090909090906,1.3385859812965846
789,Juan Pablo Ficovich,Clay,0.5450278651685393,0.4005162601626016,1.3608133286455557
790,Juan Pablo Ficovich,Grass,0.777265,0.331,2.3482326283987915
791,Juan Pablo Ficovich,Hard,0.5441898630136985,0.3502317073170732,1.553799532265165
792,Juan Pablo Varillas,Clay,0.5923062056737589,0.40167806267806266,1.4745794224477753
793,Juan Pablo Varillas,Grass,0.5388700000000001,0.399,1.3505513784461154
794,Juan Pablo Varillas,Hard,0.5159063333333334,0.39158536585365855,1.3174811377556317
795,Juncheng Shang,Clay,0.49384857142857147,0.3807837837837838,1.296926477596504
796,Juncheng Shang,Grass,0.5436775,0.35370833333333335,1.5370785722699964
797,Juncheng Shang,Hard,0.552216909090909,0.37,1.4924781326781325
799,Jurij Rodionov,Clay,0.567210564516129,0.37930656934306567,1.4953881908728888
800,Jurij Rodionov,Grass,0.53288,0.3738148148148148,1.425518676310314
801,Jurij Rodionov,Hard,0.5127458490566037,0.3628477366255144,1.4131157433284343
803,Kacper Zuk,Clay,0.560196,0.368421875,1.520528605962933
804,Kacper Zuk,Grass,0.570028,0.38239999999999996,1.4906589958158998
805,Kacper Zuk,Hard,0.5507406666666667,0.35735483870967744,1.5411591141601972
807,Kaichi Uchida,Clay,0.6332494736842105,0.3627571428571429,1.7456568013978155
808,Kaichi Uchida,Grass,0.48096999999999995,0.31033333333333335,1.54984962406015
809,Kaichi Uchida,Hard,0.5053265333333333,0.36389338235294116,1.3886664551739931
810,Kamil Majchrzak,Clay,0.6018852739726027,0.4319020618556701,1.393568883155127
811,Kamil Majchrzak,Grass,0.6492570000000001,0.40394117647058825,1.6073058103975537
812,Kamil Majchrzak,Hard,0.6027399999999999,0.3943882978723404,1.5282907815766402
814,Karen Khachanov,Clay,0.5672833333333334,0.3860718954248366,1.4693722595608527
815,Karen Khachanov,Grass,0.5488484615384615,0.3432195121951219,1.5991178882232036
816,Karen Khachanov,Hard,0.5858236211699164,0.36966315789473686,1.5847498152270076
817,Karim Mohamed Maamoun,Clay,0.48618000000000006,0.36255319148936166,1.3409894366197186
818,Karim Mohamed Maamoun,Hard,0.5406514285714286,0.37378787878787884,1.446412415310672
821,Karue Sell,Clay,0.6701980000000001,0.40125,1.6702753894081
822,Karue Sell,Hard,0.50544,0.42155,1.199003676906654
826,Kei Nishikori,Clay,0.5801058333333333,0.4231030303030303,1.371074636165702
827,Kei Nishikori,Grass,0.5867292063492063,0.37433802816901407,1.5673780439007319
828,Kei Nishikori,Hard,0.5639529496402877,0.39139451476793247,1.4408810761557798
829,Kenny De Schepper,Clay,0.5702573333333334,0.3564352941176471,1.5998901981494318
830,Kenny De Schepper,Grass,0.6262955882352941,0.3614107142857143,1.732919261879365
831,Kenny De Schepper,Hard,0.5671406825938566,0.36043467336683416,1.573490911116219
832,Kevin King,Clay,0.724325,0.37507142857142856,1.9311654922871835
833,Kevin King,Grass,0.5341771428571429,0.38325,1.3938085919299228
834,Kevin King,Hard,0.5582065217391304,0.38049404761904765,1.4670571727261534
836,Kimmer Coppejans,Clay,0.5302701337792642,0.41650134770889485,1.2731534644394134
837,Kimmer Coppejans,Grass,0.7304725,0.44127272727272726,1.6553764936135147
838,Kimmer Coppejans,Hard,0.6186033088235294,0.4093722222222222,1.5111023055387696
839,Kiranpal Pannu,Clay,0.35559999999999997,0.36760000000000004,0.9673558215451576
840,Kiranpal Pannu,Hard,0.438685,0.3630204081632653,1.208430683606926
841,Kyle Edmund,Clay,0.5869147368421053,0.3766785714285715,1.5581314716581915
842,Kyle Edmund,Grass,0.6863311538461538,0.3838571428571429,1.7879858864618818
843,Kyle Edmund,Hard,0.5786031330472102,0.3782234432234432,1.5297918291791042
845,Kyrian Jacquet,Clay,0.5665772340425532,0.3971125,1.426742381674093
846,Kyrian Jacquet,Grass,0.36363,0.354,1.0272033898305086
847,Kyrian Jacquet,Hard,0.5826062222222222,0.4055342465753424,1.4366387725382457
848,Laslo Djere,Clay,0.5209791258741259,0.40269254658385095,1.2937391821471038
849,Laslo Djere,Grass,0.630887619047619,0.33599999999999997,1.8776417233560092
850,Laslo Djere,Hard,0.5646448226950355,0.34501863354037265,1.6365632687747662
852,Laurent Lokoli,Clay,0.5946413333333334,0.38431147540983607,1.5472900794835702
853,Laurent Lokoli,Grass,0.526961,0.3982,1.323357609241587
854,Laurent Lokoli,Hard,0.5406272916666667,0.3836,1.40935164668057
856,Leandro Riedi,Clay,0.6084314999999999,0.3693461538461538,1.6473205248359886
857,Leandro Riedi,Grass,0.4501366666666667,0.3853846153846154,1.1680192947438457
858,Leandro Riedi,Hard,0.5896890540540541,0.3858222222222222,1.5283957742444672
860,Learner Tien,Hard,0.5586775,0.4259245283018868,1.3116819128200585
862,Leo Borg,Clay,0.44695999999999997,0.2945,1.517691001697793
864,Li Tu,Clay,0.356395,0.3478333333333334,1.02461427886919
865,Li Tu,Grass,0.5022294736842106,0.36235,1.386034148431656
866,Li Tu,Hard,0.6206531325301204,0.3731545454545454,1.663260276714821
868,Liam Broady,Clay,0.679576170212766,0.4009230769230769,1.6950288205613888
869,Liam Broady,Grass,0.6632284905660378,0.40376923076923077,1.6425929467248033
870,Liam Broady,Hard,0.5485556055363322,0.3881818181818182,1.4131409041919565
871,Liam Draxl,Clay,0.710855,0.3960714285714286,1.7947646528403969
872,Liam Draxl,Hard,0.5742875,0.38177358490566043,1.5042620094889787
874,Lloyd Harris,Clay,0.5553316666666667,0.36023809523809525,1.5415684071381361
875,Lloyd Harris,Grass,0.557694054054054,0.33689743589743587,1.6553823052064929
876,Lloyd Harris,Hard,0.6044548091603054,0.3708605442176871,1.629870900490033
878,Lorenzo Giustino,Clay,0.5224970292887029,0.39379624664879354,1.3268207448271871
879,Lorenzo Giustino,Grass,0.4858033333333333,0.4492,1.0814856040368062
880,Lorenzo Giustino,Hard,0.49859194444444443,0.3784888888888889,1.3173225399248474
881,Lorenzo Musetti,Clay,0.5725358598726115,0.41764242424242426,1.3708757220034666
882,Lorenzo Musetti,Grass,0.5760682142857142,0.36210714285714285,1.590877798599467
883,Lorenzo Musetti,Hard,0.5917944680851064,0.36374193548387096,1.6269624432988914
885,Lorenzo Sonego,Clay,0.566032670157068,0.37418396226415096,1.512712267869684
886,Lorenzo Sonego,Grass,0.5366473684210525,0.346125,1.5504438235350018
887,Lorenzo Sonego,Hard,0.5682308433734939,0.3618527131782946,1.5703373850164037
889,Louis Wessels,Clay,0.5292066666666667,0.3425631067961165,1.5448443109246874
890,Louis Wessels,Grass,0.4664400000000001,0.459,1.0162091503267976
891,Louis Wessels,Hard,0.41941333333333325,0.34013043478260874,1.2330955728833777
892,Luca Nardi,Clay,0.5428292452830189,0.3948125,1.374903898136505
893,Luca Nardi,Grass,0.4968142857142857,0.348,1.4276272577996716
894,Luca Nardi,Hard,0.543505785123967,0.3762910447761194,1.4443760824744971
895,Luca Van Assche,Clay,0.5787633,0.423252427184466,1.3674187383874299
896,Luca Van Assche,Grass,0.515686,0.3524,1.4633541430192962
897,Luca Van Assche,Hard,0.5661371578947368,0.3753716814159292,1.5082042304289616
899,Lucas Catarina,Clay,0.67618,0.3635652173913044,1.8598588854341065
903,Lucas Miedler,Clay,0.5690441071428571,0.3742037037037037,1.5206800507603446
904,Lucas Miedler,Grass,0.57391,0.369,1.5553116531165312
905,Lucas Miedler,Hard,0.5364958536585366,0.3767142857142857,1.4241452315547045
906,Lucas Pouille,Clay,0.5455533561643836,0.40001785714285715,1.3638225054776787
907,Lucas Pouille,Grass,0.50833125,0.3363846153846154,1.511160816373199
908,Lucas Pouille,Hard,0.5517976975945017,0.36642622950819675,1.5058902806578651
909,Luciano Darderi,Clay,0.6038117112299465,0.4181840796019901,1.4438897621464426
910,Luciano Darderi,Grass,0.5536133333333333,0.39033333333333337,1.418309137489325
911,Luciano Darderi,Hard,0.47667750000000003,0.3442,1.3848852411388728
912,Luka Mikrut,Clay,0.6704800000000001,0.41479999999999995,1.6163934426229511
915,Lukas Klein,Clay,0.557476129032258,0.4053496503496503,1.3752969283466383
916,Lukas Klein,Grass,0.60358625,0.3576875,1.6874681111305259
917,Lukas Klein,Hard,0.607165306122449,0.3641428571428571,1.6673821666760076
918,Lukas Neumayer,Clay,0.5386210526315789,0.40269827586206897,1.3375300688301577
919,Lukas Neumayer,Grass,0.32391000000000003,0.5,0.6478200000000001
920,Lukas Neumayer,Hard,0.4437233333333333,0.40007692307692305,1.109095045824521
922,Lukas Rosol,Clay,0.5211686666666667,0.373865889212828,1.3939989758466163
923,Lukas Rosol,Grass,0.5087037209302325,0.37256,1.365427638313916
924,Lukas Rosol,Hard,0.5456492592592592,0.35160835509138383,1.5518665906486884
926,Luke Saville,Clay,0.58478,0.4041666666666667,1.4468783505154639
927,Luke Saville,Grass,0.5696433333333333,0.39635211267605636,1.4372153323146535
928,Luke Saville,Hard,0.5523964383561644,0.3648413793103448,1.5140728812075883
929,Mackenzie Mcdonald,Clay,0.5557818,0.38272727272727275,1.4521614726840855
930,Mackenzie Mcdonald,Grass,0.5645932758620689,0.3673606557377049,1.5368909736082024
931,Mackenzie Mcdonald,Hard,0.5722445768025078,0.3919194444444445,1.4601076443494114
935,Makoto Ochi,Hard,0.5477428571428572,0.3878586956521739,1.4122227070914122
936,Maks Kasnikowski,Clay,0.5467217142857143,0.4065333333333333,1.344838588764466
937,Maks Kasnikowski,Hard,0.5722617391304348,0.3818888888888889,1.498503244740737
938,Manuel Guinard,Clay,0.5513284955752212,0.3997736842105263,1.3791015200612458
939,Manuel Guinard,Grass,0.3062099999999999,0.335,0.914059701492537
940,Manuel Guinard,Hard,0.5109732911392405,0.37137272727272724,1.3759041890116879
942,Marc Andrea Huesler,Clay,0.6025245161290324,0.36917910447761193,1.6320655985706556
943,Marc Andrea Huesler,Grass,0.5272687096774193,0.33396774193548384,1.5788013136288999
944,Marc Andrea Huesler,Hard,0.5828939873417721,0.35787830687830685,1.628749147793358
945,Marc Polmans,Clay,0.5222827868852459,0.38540659340659345,1.3551475138731002
946,Marc Polmans,Grass,0.5845261538461538,0.40343243243243243,1.4488824072022302
947,Marc Polmans,Hard,0.5413596506550219,0.3880588235294118,1.3950453328991013
948,Marco Cecchinato,Clay,0.5599736032388664,0.38985860306643955,1.4363505097345148
949,Marco Cecchinato,Grass,0.564359090909091,0.3641818181818182,1.5496630054917624
950,Marco Cecchinato,Hard,0.5600183695652173,0.3646019417475728,1.5359719887420085
951,Marco Trungelliti,Clay,0.5253764672364672,0.4140047169811321,1.2690108244839413
952,Marco Trungelliti,Grass,0.5779655555555556,0.35500000000000004,1.6280719874804381
953,Marco Trungelliti,Hard,0.531703475177305,0.3813333333333333,1.3943272950453802
954,Marcos Giron,Clay,0.5127567692307692,0.38427272727272727,1.334356390238576
955,Marcos Giron,Grass,0.5726444186046511,0.33769767441860465,1.695731010261001
956,Marcos Giron,Hard,0.573713850931677,0.3701428571428571,1.549979527796889
957,Mariano Navone,Clay,0.5517911363636363,0.46012587412587413,1.1992177953737193
958,Mariano Navone,Grass,0.5438775,0.323,1.6838312693498452
959,Mariano Navone,Hard,0.5360153333333333,0.35273333333333334,1.5196049896049895
961,Marin Cilic,Clay,0.5845692513368984,0.38855454545454543,1.504471529609949
962,Marin Cilic,Grass,0.6180462,0.3739272727272727,1.6528513566079939
963,Marin Cilic,Hard,0.5936476377952755,0.37652397868561277,1.5766529395222264
965,Marius Copil,Clay,0.6137586363636364,0.34593010752688175,1.7742272875625376
966,Marius Copil,Grass,0.5301782,0.34251724137931033,1.5478876271015807
967,Marius Copil,Hard,0.561738328358209,0.34716301703163016,1.6180822864177056
968,Mark Lajal,Clay,0.4795833333333333,0.3629090909090909,1.321497160988644
969,Mark Lajal,Grass,0.58973875,0.35000000000000003,1.684967857142857
970,Mark Lajal,Hard,0.5732552380952382,0.40225217391304346,1.4251140833341056
972,Marsel Ilhan,Clay,0.5285845833333334,0.3676201550387597,1.4378552864643737
973,Marsel Ilhan,Grass,0.6364382352941176,0.3951,1.6108282341030564
974,Marsel Ilhan,Hard,0.5647407103825136,0.37275767918088737,1.515034409548577
975,Martin Damm,Clay,0.6528211111111112,0.3551891891891892,1.8379532119244495
976,Martin Damm,Hard,0.5588665517241379,0.33511290322580645,1.6676963087498942
978,Martin Klizan,Clay,0.5467675272727274,0.4010208955223881,1.3634389962659752
979,Martin Klizan,Grass,0.5375916666666667,0.40336842105263154,1.3327559585942939
980,Martin Klizan,Hard,0.5520324747474747,0.37684518828451885,1.4648786608114766
981,Martin Landaluce,Clay,0.47007041666666666,0.3839714285714286,1.2242327988193566
982,Martin Landaluce,Hard,0.5319209090909092,0.3751612903225806,1.4178459313687175
984,Marton Fucsovics,Clay,0.5785175,0.4070603015075377,1.4212083513363374
985,Marton Fucsovics,Grass,0.5676157142857142,0.3664,1.549169525888958
986,Marton Fucsovics,Hard,0.5853354385964912,0.3988005249343832,1.4677398899933733
990,Mate Valkusz,Clay,0.5483973469387755,0.4280816326530612,1.2810578756674296
991,Mate Valkusz,Grass,0.5025000000000001,0.532,0.9445488721804511
992,Mate Valkusz,Hard,0.56277,0.3994,1.4090385578367552
994,Matej Dodig,Clay,0.5434172727272727,0.3678,1.4774803499925848
995,Matej Dodig,Hard,0.38493,0.2755,1.3972050816696913
996,Mateus Alves,Clay,0.6127020754716982,0.36045283018867924,1.6998120812395312
997,Mateus Alves,Hard,0.5688466666666667,0.36995,1.5376312114249675
998,Matheus Pucinelli De Almeida,Clay,0.5591495652173912,0.41374719101123597,1.3514280637187617
999,Matheus Pucinelli De Almeida,Grass,0.6706433333333334,0.3236666666666666,2.0720185375901137
1000,Matheus Pucinelli De Almeida,Hard,0.3723728571428571,0.38555555555555554,0.9658085631947303
1002,Mathias Bourgue,Clay,0.5730870833333332,0.3843846153846154,1.4909209692482155
1003,Mathias Bourgue,Grass,0.8488800000000001,0.4121428571428572,2.0596741767764297
1004,Mathias Bourgue,Hard,0.5689062814070351,0.3790081967213115,1.5010395192728712
1006,Mats Moraing,Clay,0.5385155670103092,0.359696,1.4971408272827866
1007,Mats Moraing,Grass,0.6366386666666667,0.32116666666666666,1.9822688116242866
1008,Mats Moraing,Hard,0.5491538532110092,0.37834394904458596,1.4514672551200076
1010,Matteo Arnaldi,Clay,0.5516146428571428,0.42253658536585365,1.3054837426196522
1011,Matteo Arnaldi,Grass,0.64973375,0.3585,1.8123675034867504
1012,Matteo Arnaldi,Hard,0.5397764077669903,0.37518691588785047,1.4386866516644157
1014,Matteo Berrettini,Clay,0.6303784158415842,0.3718990825688073,1.6950254662834614
1015,Matteo Berrettini,Grass,0.6137048148148148,0.3456964285714286,1.7752709142842926
1016,Matteo Berrettini,Hard,0.6009178341013824,0.3517532467532467,1.7083504975376207
1017,Matteo Gigante,Clay,0.5485185576923077,0.40865384615384615,1.3422571764705884
1018,Matteo Gigante,Grass,0.48934999999999995,0.37539999999999996,1.3035428875865744
1019,Matteo Gigante,Hard,0.5312746666666667,0.39898666666666666,1.3315599518780912
1021,Matteo Martineau,Clay,0.5273331944444445,0.3929516129032258,1.3419799719063974
1022,Matteo Martineau,Grass,0.5705385714285715,0.32542857142857146,1.7531913959613696
1023,Matteo Martineau,Hard,0.5421570149253732,0.3503076923076923,1.547659462896322
1025,Mattia Bellucci,Clay,0.5816285294117647,0.38961538461538464,1.492827420010452
1026,Mattia Bellucci,Grass,0.5152716666666666,0.34894444444444445,1.476658175449769
1027,Mattia Bellucci,Hard,0.5953708799999999,0.38323622047244094,1.5535349953771238
1029,Max Hans Rehberg,Clay,0.5426692857142857,0.3906862745098039,1.3890154866463524
1031,Max Hans Rehberg,Hard,0.521765,0.3785151515151515,1.3784520855015612
1032,Max Houkes,Clay,0.7847683333333334,0.40977941176470584,1.9150994676715118
1034,Max Purcell,Clay,0.5688235897435897,0.36018181818181816,1.579267917006433
1035,Max Purcell,Grass,0.5542066666666666,0.34797727272727275,1.5926519060370539
1036,Max Purcell,Hard,0.5603721352313168,0.3781735015772871,1.4817858281823426
1038,Maxime Cressy,Clay,0.6586965714285714,0.31307894736842107,2.1039312191548887
1039,Maxime Cressy,Grass,0.5038251282051283,0.335175,1.5031703683303594
1040,Maxime Cressy,Hard,0.5932866375545851,0.3449203187250996,1.7200686806376075
1042,Maxime Janvier,Clay,0.5140749056603774,0.37014903846153846,1.3888322060677027
1043,Maxime Janvier,Grass,0.46143500000000004,0.39625,1.164504731861199
1044,Maxime Janvier,Hard,0.5483095762711865,0.3596761565836299,1.5244535013921519
1046,Maximilian Marterer,Clay,0.5859771428571429,0.37514957264957266,1.5619827012424836
1047,Maximilian Marterer,Grass,0.5319775,0.3418965517241379,1.5559604135148766
1048,Maximilian Marterer,Hard,0.5832947488584475,0.3507866108786611,1.6628193060088379
1050,Maximilian Neuchrist,Clay,0.5322291304347826,0.3577222222222222,1.4878279776092695
1051,Maximilian Neuchrist,Grass,0.41921,0.47600000000000003,0.8806932773109244
1052,Maximilian Neuchrist,Hard,0.5406935211267606,0.3440958083832335,1.5713458518058094
1056,Michael Geerts,Clay,0.5040027419354839,0.37073737373737375,1.3594603016541673
1057,Michael Geerts,Grass,0.52701,0.4125,1.2776
1058,Michael Geerts,Hard,0.5779305797101449,0.35619285714285714,1.6225215304594278
1059,Michael Mmoh,Clay,0.5787411904761905,0.3823921568627451,1.5134755775964372
1060,Michael Mmoh,Grass,0.5160373684210526,0.39072727272727276,1.3207098772991108
1061,Michael Mmoh,Hard,0.5712351194539249,0.39306194690265484,1.4532954002677756
1063,Michael Zheng,Hard,0.77793,0.3938181818181818,1.975353185595568
1065,Mikhail Kukushkin,Clay,0.5357237810945273,0.39999115044247785,1.339339084131985
1066,Mikhail Kukushkin,Grass,0.49131051724137936,0.3684262295081967,1.333538379982386
1067,Mikhail Kukushkin,Hard,0.5728607302231238,0.38839405204460964,1.4749472274547781
1069,Mili Poljicak,Clay,0.4350116666666666,0.3479142857142857,1.2503414907886452
1072,Miljan Zekic,Clay,0.5137261016949152,0.36967381974248925,1.389674016008954
1074,Miljan Zekic,Hard,0.45445916666666664,0.38234285714285715,1.188616860957505
1076,Milos Raonic,Clay,0.6570315789473685,0.35280434782608694,1.862311456748965
1077,Milos Raonic,Grass,0.6253466197183098,0.35195,1.7768052840412272
1078,Milos Raonic,Hard,0.6562089488636363,0.34319999999999995,1.9120307367821574
1079,Miomir Kecmanovic,Clay,0.5703729090909091,0.4000521739130435,1.4257463058178181
1080,Miomir Kecmanovic,Grass,0.5470311764705883,0.3359428571428571,1.6283459071670856
1081,Miomir Kecmanovic,Hard,0.5840924096385542,0.3730459770114942,1.565738395888283
1083,Mirza Basic,Clay,0.5943088505747126,0.37927027027027027,1.5669797955721774
1084,Mirza Basic,Grass,0.48325055555555557,0.39712,1.2168879823618945
1085,Mirza Basic,Hard,0.5257148163265306,0.35748295454545453,1.4706010724203218
1086,Mitchell Krueger,Clay,0.5548819540229885,0.38795098039215686,1.4302888304653616
1087,Mitchell Krueger,Grass,0.5065999999999999,0.34600000000000003,1.4641618497109823
1088,Mitchell Krueger,Hard,0.5423526900584795,0.3779044117647059,1.4351583976642321
1090,Moez Echargui,Clay,0.501265,0.4028720930232558,1.2442286489450747
1091,Moez Echargui,Hard,0.5669138235294118,0.41095454545454546,1.3795049350345159
1093,Mohamed Safwat,Clay,0.52280213592233,0.3593980582524272,1.4546604354638282
1094,Mohamed Safwat,Grass,0.6445414285714285,0.382625,1.6845251318430017
1095,Mohamed Safwat,Hard,0.50189,0.3705714285714286,1.354367771781033
1096,Murkel Alejandro Dellien Velasco,Clay,0.5349109210526316,0.4250687022900763,1.2584105067504983
1097,Murkel Alejandro Dellien Velasco,Grass,0.35496999999999995,0.434,0.8179032258064515
1098,Murkel Alejandro Dellien Velasco,Hard,0.647175,0.366,1.7682377049180327
1100,Nerman Fatic,Clay,0.5301877894736842,0.3826432748538012,1.385592859762807
1101,Nerman Fatic,Grass,0.273,0.27,1.011111111111111
1102,Nerman Fatic,Hard,0.5291404347826087,0.42107407407407405,1.2566445368220984
1103,Nicholas David Ionel,Clay,0.5080254545454546,0.39017171717171717,1.3020560747663552
1104,Nicholas David Ionel,Grass,0.47483,0.48200000000000004,0.9851244813278007
1105,Nicholas David Ionel,Hard,1.0027400000000002,0.394695652173913,2.540539766468386
1106,Nick Hardt,Clay,0.537022037037037,0.4192156862745098,1.2810160846065897
1107,Nick Hardt,Grass,0.4931666666666667,0.4183333333333333,1.1788844621513948
1108,Nick Hardt,Hard,0.5665711999999999,0.38056603773584907,1.4887592265741199
1109,Nicola Kuhn,Clay,0.5131674157303371,0.3761626016260163,1.3642169995424798
1110,Nicola Kuhn,Grass,0.4872066666666666,0.3918888888888889,1.2432265381343917
1111,Nicola Kuhn,Hard,0.5405908421052632,0.3893831775700935,1.3883261353989813
1114,Nicolas Alvarez Varona,Clay,0.6157083720930232,0.38903370786516855,1.582660730021923
1115,Nicolas Alvarez Varona,Hard,0.55567775,0.36047826086956525,1.5415014171993726
1116,Nicolas Jarry,Clay,0.6186070431893688,0.3655045045045045,1.692474471766038
1117,Nicolas Jarry,Grass,0.5308815789473684,0.33799999999999997,1.570655559015883
1118,Nicolas Jarry,Hard,0.5617228387096774,0.34282530120481924,1.6385104504701622
1119,Nicolas Kicker,Clay,0.5817691031390134,0.41372695035460993,1.4061668031061856
1120,Nicolas Kicker,Grass,0.5621333333333333,0.43533333333333335,1.2912710566615617
1121,Nicolas Kicker,Hard,0.5928039024390244,0.3989130434782609,1.4860479298198974
1122,Nicolas Mejia,Clay,0.557908,0.37968,1.4694163506110407
1123,Nicolas Mejia,Grass,0.42402499999999993,0.391,1.0844629156010228
1124,Nicolas Mejia,Hard,0.5495012195121951,0.38736923076923074,1.4185463786604982
1125,Nicolas Moreno De Alboran,Clay,0.5692115384615385,0.39149999999999996,1.4539247470281955
1126,Nicolas Moreno De Alboran,Grass,0.5582571428571429,0.35,1.5950204081632655
1127,Nicolas Moreno De Alboran,Hard,0.6009911235955057,0.36733673469387756,1.6360768385888373
1128,Nikola Milojevic,Clay,0.5507388165680474,0.39515500000000003,1.3937285788312113
1129,Nikola Milojevic,Grass,0.6829880000000002,0.41125,1.6607610942249245
1130,Nikola Milojevic,Hard,0.6069941025641026,0.40896610169491526,1.4842161735373223
1132,Nikoloz Basilashvili,Clay,0.5356163157894737,0.3833315789473684,1.3972663490450756
1133,Nikoloz Basilashvili,Grass,0.5213284615384616,0.3908936170212766,1.333683741144551
1134,Nikoloz Basilashvili,Hard,0.4920294537815126,0.3704299065420561,1.3282660095524736
1136,Nino Serdarusic,Clay,0.5269757541899441,0.37335408560311284,1.4114637404829045
1137,Nino Serdarusic,Grass,0.41132,0.405,1.015604938271605
1138,Nino Serdarusic,Hard,0.6056527142857143,0.3480357142857143,1.7402027706516163
1140,Nishesh Basavareddy,Hard,0.6279255319148936,0.42957627118644065,1.4617323489042702
1141,Noah Rubin,Clay,0.5260857575757576,0.3622692307692308,1.452195529989351
1142,Noah Rubin,Grass,0.48986545454545455,0.42393333333333333,1.1555247394530301
1143,Noah Rubin,Hard,0.54340016,0.3801581920903955,1.4294053667815956
1145,Norbert Gombos,Clay,0.5555259401709401,0.3904703832752613,1.4227095420430986
1146,Norbert Gombos,Grass,0.5100725,0.40913636363636363,1.2467053660704368
1147,Norbert Gombos,Hard,0.576636393442623,0.38407799442896934,1.501352334178742
1149,Novak Djokovic,Clay,0.6187864437689969,0.4463935860058309,1.3861902660960594
1150,Novak Djokovic,Grass,0.6497258823529412,0.4082446043165468,1.591511254485934
1151,Novak Djokovic,Hard,0.6461877448453608,0.4274726368159204,1.5116470370093518
1153,Nuno Borges,Clay,0.5780516513761468,0.40205833333333335,1.437730805337899
1154,Nuno Borges,Grass,0.577133125,0.358875,1.6081731104144898
1155,Nuno Borges,Hard,0.5780686111111111,0.37367241379310345,1.5469930071722624
1159,Oleksii Krutykh,Clay,0.6818473076923076,0.40097580645161296,1.700469945372099
1160,Oleksii Krutykh,Grass,0.42818666666666666,0.321,1.3339148494288682
1161,Oleksii Krutykh,Hard,0.4837025,0.4080816326530612,1.1853081866373276
1162,Oliver Crawford,Clay,0.48511799999999994,0.3858392857142857,1.2573058730966815
1163,Oliver Crawford,Grass,0.32536,0.531,0.6127306967984933
1164,Oliver Crawford,Hard,0.6180649999999999,0.37476923076923074,1.6491882183908044
1166,Omar Jasika,Clay,0.47547249999999996,0.32657142857142857,1.4559525371828521
1167,Omar Jasika,Grass,0.48878166666666667,0.291875,1.6746266952177016
1168,Omar Jasika,Hard,0.5080894805194804,0.3899883040935673,1.3028326110969162
1170,Oriol Roca Batalla,Clay,0.5174446391752577,0.38392936802973976,1.3477599846833694
1171,Oriol Roca Batalla,Grass,0.6472200000000001,0.5,1.2944400000000003
1172,Oriol Roca Batalla,Hard,0.4599285714285714,0.3579666666666667,1.2848363109095018
1173,Orlando Luz,Clay,0.5691142222222223,0.379,1.5016206391087659
1174,Orlando Luz,Hard,0.74898,0.38425000000000004,1.949199739752765
1176,Oscar Otte,Clay,0.5851528571428571,0.4001882352941176,1.4621940515387717
1177,Oscar Otte,Grass,0.5317193548387097,0.40672727272727277,1.3073117798895408
1178,Oscar Otte,Hard,0.5997568965517242,0.3755497382198953,1.59701055682949
1180,Otto Virtanen,Clay,0.560296,0.36149019607843136,1.5499618138424822
1181,Otto Virtanen,Grass,0.5332004761904762,0.35764,1.4908860199935023
1182,Otto Virtanen,Hard,0.5595388288288288,0.3658148148148148,1.5295685307662628
1184,Pablo Carreno Busta,Clay,0.568828038585209,0.40068465909090906,1.4196401725880672
1185,Pablo Carreno Busta,Grass,0.5411655,0.3805,1.4222483574244413
1186,Pablo Carreno Busta,Hard,0.5857140909090909,0.38793355481727576,1.5098309585129175
1187,Pablo Llamas Ruiz,Clay,0.569249512195122,0.4131917808219178,1.377688372848984
1188,Pablo Llamas Ruiz,Grass,0.38606000000000007,0.4275,0.9030643274853803
1189,Pablo Llamas Ruiz,Hard,0.6170581481481482,0.4005142857142857,1.5406645159926655
1190,Patrick Brady,Grass,0.8343,0.41200000000000003,2.025
1191,Patrick Brady,Hard,0.5191814285714286,0.4066818181818182,1.2766280796436156
1195,Patrick Kypson,Clay,0.622576551724138,0.4025238095238095,1.5466825489420204
1196,Patrick Kypson,Grass,0.5184840000000001,0.3522,1.4721294718909712
1197,Patrick Kypson,Hard,0.5539203488372093,0.3638672566371681,1.5223143570446447
1198,Paul Jubb,Clay,0.576263,0.384625,1.498246343841404
1199,Paul Jubb,Grass,0.6127595,0.36534375,1.6772135830981096
1200,Paul Jubb,Hard,0.58093515625,0.4079638554216867,1.423986827581879
1202,Pavel Kotov,Clay,0.5361052985074627,0.3970496453900709,1.3502223329799985
1203,Pavel Kotov,Grass,0.56804625,0.29300000000000004,1.9387244027303752
1204,Pavel Kotov,Hard,0.5749997714285714,0.38116939890710383,1.508515041021713
1206,Pedro Cachin,Clay,0.5485877637130802,0.4033314606741573,1.3601412664316614
1207,Pedro Cachin,Grass,0.7675516666666667,0.37842857142857145,2.028260349817541
1208,Pedro Cachin,Hard,0.5512679166666666,0.38829090909090913,1.4197291354498343
1209,Pedro Martinez,Clay,0.5608092567567567,0.4211762820512821,1.331530954272665
1210,Pedro Martinez,Grass,0.5215535714285714,0.3791428571428571,1.375612283345893
1211,Pedro Martinez,Hard,0.5574886861313869,0.38894285714285715,1.4333434228016264
1214,Philip Sekulic,Clay,0.5408966666666667,0.34750000000000003,1.556537170263789
1215,Philip Sekulic,Grass,0.445,0.367,1.2125340599455041
1216,Philip Sekulic,Hard,0.5294017857142858,0.356025,1.4869792450369659
1218,Pierre Hugues Herbert,Clay,0.5623308943089431,0.3527101449275362,1.5943144885284577
1219,Pierre Hugues Herbert,Grass,0.555687037037037,0.33908474576271186,1.6387851237221427
1220,Pierre Hugues Herbert,Hard,0.5515462872628726,0.35285301204819275,1.563104942937379
1221,Pol Martin Tiffon,Clay,0.6060599999999999,0.3730821917808219,1.6244677804295942
1224,Quentin Halys,Clay,0.5807500714285714,0.383275641025641,1.5152282307179532
1225,Quentin Halys,Grass,0.641829,0.35030303030303034,1.8322108131487886
1226,Quentin Halys,Hard,0.5723508011869436,0.36209485094850946,1.5806653966154656
1228,Radu Albot,Clay,0.5348327601809955,0.41141634241245134,1.2999793762320146
1229,Radu Albot,Grass,0.518314375,0.37945283018867926,1.36595205981801
1230,Radu Albot,Hard,0.5411476112412178,0.39510782241014797,1.3696200898788353
1232,Rafael Nadal,Clay,0.6609873770491803,0.46891030534351147,1.4096243343702122
1233,Rafael Nadal,Grass,0.7007950537634409,0.39871134020618554,1.7576501671636398
1234,Rafael Nadal,Hard,0.6563432943143813,0.41142201834862385,1.5953042497551024
1236,Ramkumar Ramanathan,Clay,0.5035836666666667,0.3482446808510638,1.4460627666615753
1237,Ramkumar Ramanathan,Grass,0.518903488372093,0.3707142857142857,1.399739660348613
1238,Ramkumar Ramanathan,Hard,0.5640430701754386,0.3404825581395349,1.656599014226994
1239,Raphael Collignon,Clay,0.5019488888888888,0.45510256410256406,1.102935752248953
1240,Raphael Collignon,Grass,0.50444,0.3485,1.4474605451936873
1241,Raphael Collignon,Hard,0.7140630769230769,0.39932558139534885,1.7881726345403475
1243,Raul Brancaccio,Clay,0.543894716981132,0.41837640449438207,1.3000128858567965
1244,Raul Brancaccio,Grass,0.6501533333333334,0.3496666666666666,1.8593517635843664
1245,Raul Brancaccio,Hard,0.5418594736842105,0.42720512820512824,1.2683824184433232
1248,Reilly Opelka,Clay,0.5741603773584906,0.3008032786885246,1.9087570450088793
1249,Reilly Opelka,Grass,0.49396315789473677,0.2944090909090909,1.6778121775025798
1250,Reilly Opelka,Hard,0.5499351396648045,0.29201923076923075,1.8832154930898803
1251,Renzo Olivo,Clay,0.5200688640973631,0.3965611510791367,1.311446829025316
1252,Renzo Olivo,Grass,0.38276,0.45,0.8505777777777778
1253,Renzo Olivo,Hard,0.5426296296296297,0.39299999999999996,1.3807369710677602
1255,Ricardas Berankis,Clay,0.6293085135135135,0.39085714285714285,1.6100729512407144
1256,Ricardas Berankis,Grass,0.6197697916666667,0.3817543859649123,1.623477855009191
1257,Ricardas Berankis,Hard,0.5650912633451958,0.38701111111111114,1.4601422210406712
1258,Riccardo Bonadio,Clay,0.5345736458333333,0.3903588850174216,1.3694414713001228
1259,Riccardo Bonadio,Grass,0.4811733333333333,0.41533333333333333,1.1585232744783305
1260,Riccardo Bonadio,Hard,0.5414473076923078,0.3593777777777778,1.5066243412165377
1262,Richard Gasquet,Clay,0.6239725992779783,0.4021057692307692,1.5517623645928824
1263,Richard Gasquet,Grass,0.5758740163934426,0.36976377952755907,1.5574105639260478
1264,Richard Gasquet,Hard,0.5865045982905983,0.37663265306122445,1.557232474464336
1265,Rinky Hijikata,Clay,0.47700499999999996,0.35960000000000003,1.3264877641824246
1266,Rinky Hijikata,Grass,0.5074209677419355,0.3581875,1.416635052149881
1267,Rinky Hijikata,Hard,0.5359275167785235,0.3935588235294118,1.3617469225371643
1269,Rio Noguchi,Clay,0.588552,0.4089655172413793,1.4391237774030354
1270,Rio Noguchi,Grass,0.43150142857142854,0.401235294117647,1.0754323831863781
1271,Rio Noguchi,Hard,0.6085678787878788,0.4019339622641509,1.5140991703207407
1273,Roberto Bautista Agut,Clay,0.5751705737704919,0.40530952380952384,1.419089707945759
1274,Roberto Bautista Agut,Grass,0.6295517333333334,0.39058024691358023,1.6118371021272562
1275,Roberto Bautista Agut,Hard,0.5966197872340425,0.3967049180327869,1.5039384694109919
1277,Roberto Carballes Baena,Clay,0.5837949203539823,0.4263491525423729,1.3692883329842238
1278,Roberto Carballes Baena,Grass,0.564237619047619,0.35065217391304343,1.609109142975231
1279,Roberto Carballes Baena,Hard,0.5931349606299213,0.373381679389313,1.5885486443791976
1280,Roberto Cid,Clay,0.5546032727272727,0.4023960396039604,1.3782523139967162
1281,Roberto Cid,Grass,0.4089,0.455,0.8986813186813186
1282,Roberto Cid,Hard,0.5971794827586206,0.40269473684210527,1.4829582513087871
1284,Robin Haase,Clay,0.5293848453608248,0.3725630498533724,1.420926862095347
1285,Robin Haase,Grass,0.542061320754717,0.3932982456140351,1.378244949728739
1286,Robin Haase,Hard,0.5707999331103679,0.3695677233429395,1.5445069930544109
1287,Roman Andres Burruchaga,Clay,0.5346105769230769,0.44435057471264366,1.2031279069883127
1288,Roman Andres Burruchaga,Grass,0.5701166666666667,0.39799999999999996,1.432453936348409
1289,Roman Andres Burruchaga,Hard,0.581671111111111,0.3906842105263158,1.4888523657700539
1290,Roman Safiullin,Clay,0.5686915584415585,0.4051075268817204,1.4038039796964816
1291,Roman Safiullin,Grass,0.5809718181818182,0.36650000000000005,1.5851891355574848
1292,Roman Safiullin,Hard,0.5590435497835498,0.3814235294117647,1.4656766210666459
1294,Rudolf Molleker,Clay,0.5018435114503816,0.3617908163265306,1.3871095915200011
1295,Rudolf Molleker,Grass,0.5682183333333334,0.3883636363636364,1.463109004369538
1296,Rudolf Molleker,Hard,0.5731658695652174,0.35769117647058823,1.6024042729282895
1298,Ryan Peniston,Clay,0.5324758823529412,0.40372972972972976,1.318891929780347
1299,Ryan Peniston,Grass,0.6181291999999999,0.379,1.6309477572559365
1300,Ryan Peniston,Hard,0.5515942105263157,0.40664084507042253,1.3564653359669023
1302,Salvatore Caruso,Clay,0.5259317676767676,0.3942693726937269,1.3339402045953939
1303,Salvatore Caruso,Grass,0.4389514285714286,0.4378888888888889,1.0024265052379744
1304,Salvatore Caruso,Hard,0.5416077192982456,0.3891792452830189,1.3916665029358841
1305,Santiago Fa Rodriguez Taverna,Clay,0.5160294573643411,0.38321546961325964,1.3465778348799884
1307,Santiago Fa Rodriguez Taverna,Hard,0.5303772727272728,0.37062068965517236,1.4310514429745917
1309,Sascha Gueymard Wayenburg,Clay,0.3663,0.3734285714285714,0.9809104820198931
1310,Sascha Gueymard Wayenburg,Hard,0.6460049999999999,0.3552962962962963,1.818214844157198
1311,Sebastian Baez,Clay,0.5613692613636364,0.42996236559139783,1.3056241808314852
1312,Sebastian Baez,Grass,0.6155563636363636,0.359,1.7146416814383387
1313,Sebastian Baez,Hard,0.5294560317460317,0.36495522388059704,1.450742439349915
1315,Sebastian Fanselow,Clay,0.5267885294117648,0.3745483870967742,1.40646321692918
1317,Sebastian Fanselow,Hard,0.5617974418604651,0.39605095541401275,1.4184978831150372
1318,Sebastian Korda,Clay,0.5671367796610169,0.392046875,1.4466045154957987
1319,Sebastian Korda,Grass,0.6029144,0.36752,1.6404941227688288
1320,Sebastian Korda,Hard,0.5913926943005181,0.3866521739130435,1.5295211929508508
1321,Sebastian Ofner,Clay,0.5689532352941177,0.39287203791469194,1.4481896912644618
1322,Sebastian Ofner,Grass,0.5248254054054055,0.3534634146341464,1.4848082819225519
1323,Sebastian Ofner,Hard,0.5030585057471264,0.3449516129032258,1.4583451328527535
1324,Seong Chan Hong,Clay,0.4845891666666667,0.3956153846153846,1.2248997018601335
1325,Seong Chan Hong,Grass,0.39402,0.3327142857142857,1.1842593387720053
1326,Seong Chan Hong,Hard,0.6168096261682243,0.3872980132450331,1.5925969281386045
1327,Sergey Fomin,Clay,0.4356675,0.34944444444444445,1.2467432432432433
1328,Sergey Fomin,Hard,0.50658,0.36720408163265306,1.3795598288223199
1329,Shintaro Mochizuki,Clay,0.5329048214285714,0.4307714285714286,1.2370941666113948
1330,Shintaro Mochizuki,Grass,0.47793199999999997,0.43879999999999997,1.089179580674567
1331,Shintaro Mochizuki,Hard,0.5122253773584906,0.4045037037037037,1.2663057783364384
1336,Sho Shimabukuro,Clay,0.48576363636363634,0.43366666666666664,1.1201313674795612
1337,Sho Shimabukuro,Grass,0.523401,0.34525,1.516005792903693
1338,Sho Shimabukuro,Hard,0.5567188888888889,0.38433088235294116,1.4485406051175436
1339,Soon Woo Kwon,Clay,0.5858827586206897,0.371258064516129,1.5781010962934556
1340,Soon Woo Kwon,Grass,0.6389339285714285,0.40189655172413796,1.589796990868419
1341,Soon Woo Kwon,Hard,0.5659287280701754,0.3969206896551724,1.425798006553475
1343,Stan Wawrinka,Clay,0.5601966787003609,0.3943644859813084,1.4205048847296875
1344,Stan Wawrinka,Grass,0.5767485714285715,0.34551470588235295,1.6692446417170828
1345,Stan Wawrinka,Hard,0.5634790445859873,0.36499424184261037,1.5438025590249334
1346,Stefan Kozlov,Clay,0.523031935483871,0.4274883720930233,1.2234997946799286
1347,Stefan Kozlov,Grass,0.6999192,0.3798333333333333,1.842700833698991
1348,Stefan Kozlov,Hard,0.5178242786069651,0.40370036101083034,1.2826946136743065
1350,Stefano Napolitano,Clay,0.5443795973154363,0.39483248730964465,1.3787609044655698
1351,Stefano Napolitano,Grass,0.47486599999999995,0.3608235294117647,1.3160616237365503
1352,Stefano Napolitano,Hard,0.5291938759689923,0.37424418604651166,1.4140336595722645
1354,Stefano Travaglia,Clay,0.5625931818181819,0.4035081967213115,1.3942546555175548
1355,Stefano Travaglia,Grass,0.5188855555555555,0.3398181818181818,1.5269505380179536
1356,Stefano Travaglia,Hard,0.553065744680851,0.3651756097560976,1.5145199457604688
1357,Stefanos Tsitsipas,Clay,0.6135681714285715,0.4031755319148936,1.5218388093007829
1358,Stefanos Tsitsipas,Grass,0.573719,0.3259047619047619,1.7603885154880186
1359,Stefanos Tsitsipas,Hard,0.5957413173652695,0.35141046831955924,1.6952861996800992
1360,Steve Johnson,Clay,0.5804159340659341,0.3395744680851064,1.7092449186152194
1361,Steve Johnson,Grass,0.5787097530864197,0.34841860465116276,1.6609611121823555
1362,Steve Johnson,Hard,0.5527059102244389,0.34695238095238096,1.5930310341357696
1363,Steven Diez,Clay,0.5448643333333334,0.4054924242424242,1.3437102662307336
1364,Steven Diez,Grass,0.70792,0.40120000000000006,1.7645064805583248
1365,Steven Diez,Hard,0.5319552447552447,0.38867555555555555,1.3686357095312864
1366,Sumit Nagal,Clay,0.5642048305084746,0.43873228346456694,1.285988863306525
1367,Sumit Nagal,Grass,0.9112500000000001,0.3225,2.8255813953488373
1368,Sumit Nagal,Hard,0.5703146728971963,0.39524031007751936,1.4429567489847865
1369,Tallon Griekspoor,Clay,0.5442561589403974,0.3910059523809524,1.3919382956352928
1370,Tallon Griekspoor,Grass,0.5551367647058824,0.3367058823529412,1.6487290356394129
1371,Tallon Griekspoor,Hard,0.5400381176470588,0.3417659574468085,1.580140168674081
1373,Taro Daniel,Clay,0.5343673550724638,0.40907643312101905,1.3062775359498144
1374,Taro Daniel,Grass,0.60485,0.3280454545454546,1.8437993626160452
1375,Taro Daniel,Hard,0.5655192156862745,0.38484375,1.4694774585433037
1377,Tatsuma Ito,Clay,0.6092766666666667,0.35773684210526313,1.7031420724829585
1378,Tatsuma Ito,Grass,0.5773626666666667,0.3922238805970149,1.4720232378198055
1379,Tatsuma Ito,Hard,0.5734592941176471,0.38307088122605365,1.4970057037022437
1380,Taylor Fritz,Clay,0.5665557291666666,0.37560204081632653,1.508393639010387
1381,Taylor Fritz,Grass,0.588964,0.3460757575757576,1.7018354713016068
1382,Taylor Fritz,Hard,0.5666357524271844,0.3717007125890736,1.5244408558710982
1383,Tennys Sandgren,Clay,0.5666765909090908,0.37129729729729727,1.5262071526886274
1384,Tennys Sandgren,Grass,0.5239083333333333,0.380047619047619,1.3785333918055382
1385,Tennys Sandgren,Hard,0.5372845955882353,0.36692479108635095,1.4642907992057488
1386,Terence Atmane,Clay,0.5233669565217391,0.38109302325581396,1.3733312461362532
1387,Terence Atmane,Grass,0.5313916666666666,0.35200000000000004,1.5096354166666663
1388,Terence Atmane,Hard,0.5768105769230769,0.36593749999999997,1.576254351967418
1390,Teymuraz Gabashvili,Clay,0.5683392340425532,0.3886477987421384,1.4623503230482393
1391,Teymuraz Gabashvili,Grass,0.6029794117647059,0.3728518518518519,1.6172091107228628
1392,Teymuraz Gabashvili,Hard,0.5679220560747663,0.3770549199084668,1.5062051337577935
1393,Thai Son Kwiatkowski,Clay,0.52937,0.38356250000000003,1.380140133615773
1394,Thai Son Kwiatkowski,Grass,0.4599539999999999,0.3694,1.2451380617217107
1395,Thai Son Kwiatkowski,Hard,0.5677820895522389,0.3785121951219512,1.5000364502636634
1396,Thanasi Kokkinakis,Clay,0.5854293258426966,0.38543750000000004,1.5188696632857377
1397,Thanasi Kokkinakis,Grass,0.5570705555555555,0.308,1.8086706349206347
1398,Thanasi Kokkinakis,Hard,0.6199883884297521,0.36766058394160583,1.6863063801482254
1399,Thiago Agustin Tirante,Clay,0.5698412500000001,0.3791138613861386,1.5030873519541403
1400,Thiago Agustin Tirante,Grass,0.6127857142857142,0.3312857142857143,1.8497197067701592
1401,Thiago Agustin Tirante,Hard,0.5192195652173913,0.388936170212766,1.334973718009704
1402,Thiago Monteiro,Clay,0.5572737471783296,0.3824578313253012,1.4570854654675325
1403,Thiago Monteiro,Grass,0.5833605882352941,0.3248888888888889,1.795569526032027
1404,Thiago Monteiro,Hard,0.5689231343283582,0.33465734265734265,1.700016888351622
1405,Thiago Seyboth Wild,Clay,0.559201568627451,0.3956766917293233,1.4132790237995436
1406,Thiago Seyboth Wild,Grass,0.5113172727272727,0.3450909090909091,1.4816886195995782
1407,Thiago Seyboth Wild,Hard,0.5774618571428571,0.3673918918918919,1.571787156676773
1409,Thiemo De Bakker,Clay,0.5687115384615384,0.36696017699115047,1.5497908877323583
1410,Thiemo De Bakker,Grass,0.6075361538461539,0.3631904761904762,1.67277556454297
1411,Thiemo De Bakker,Hard,0.6136051612903226,0.36678260869565216,1.672939628932838
1412,Timofey Skatov,Clay,0.5456762130177515,0.4175894736842105,1.306728850714285
1413,Timofey Skatov,Grass,0.6150100000000001,0.37224999999999997,1.65214237743452
1414,Timofey Skatov,Hard,0.5513691428571428,0.3924871794871795,1.404808033672736
1416,Titouan Droguet,Clay,0.5753768085106383,0.39057142857142857,1.4731666640725927
1417,Titouan Droguet,Grass,0.8607019999999999,0.3022,2.84812045003309
1418,Titouan Droguet,Hard,0.5304896363636363,0.37278461538461544,1.423045947902949
1419,Tomas Barrios Vera,Clay,0.5548552066115702,0.4145052264808362,1.3385964064248603
1420,Tomas Barrios Vera,Grass,0.56867,0.3681052631578947,1.5448570203031171
1421,Tomas Barrios Vera,Hard,0.5708615094339622,0.3868857142857143,1.4755300812487022
1423,Tomas Machac,Clay,0.5898742253521126,0.4190843373493976,1.4075310690037186
1424,Tomas Machac,Grass,0.5053658333333333,0.38433333333333336,1.3149154379878576
1425,Tomas Machac,Hard,0.6243318592964824,0.3937571428571429,1.585575958740114
1426,Tomas Martin Etcheverry,Clay,0.5935761960784314,0.4106518518518519,1.4454487259747506
1427,Tomas Martin Etcheverry,Grass,0.5378727272727273,0.35245454545454546,1.5260768635542945
1428,Tomas Martin Etcheverry,Hard,0.5414725,0.35907692307692307,1.5079568337617824
1429,Tomasz Berkieta,Clay,1.0133199999999998,0.3965,2.555662042875157
1430,Tomasz Berkieta,Hard,0.38375999999999993,0.35425,1.0833027522935779
1431,Tommy Paul,Clay,0.5565014285714286,0.3908715596330275,1.4237449997485205
1432,Tommy Paul,Grass,0.600978085106383,0.38037499999999996,1.579962103467323
1433,Tommy Paul,Hard,0.5828061419753086,0.393695652173913,1.4803469094900163
1435,Tristan Lamasine,Clay,0.5819088826815642,0.3889449541284404,1.4961214344212876
1436,Tristan Lamasine,Grass,1.16205,0.34650000000000003,3.3536796536796536
1437,Tristan Lamasine,Hard,0.5442936180904523,0.38572519083969464,1.4110917072996092
1439,Tristan Schoolkate,Clay,0.435235,0.32571428571428573,1.3362478070175436
1440,Tristan Schoolkate,Grass,0.6364872727272727,0.33992307692307694,1.8724450204694603
1441,Tristan Schoolkate,Hard,0.5433968041237114,0.37500775193798447,1.4490281902587807
1442,Tung Lin Wu,Clay,0.5406426666666666,0.39246511627906977,1.377555976929762
1443,Tung Lin Wu,Grass,0.6361149999999999,0.34175,1.8613460131675197
1444,Tung Lin Wu,Hard,0.5666753191489362,0.3819277566539924,1.4837238437800055
1446,Ugo Blanchet,Clay,0.5202176666666667,0.38115625000000003,1.3648409718236725
1447,Ugo Blanchet,Grass,0.7852599999999998,0.35600000000000004,2.205786516853932
1448,Ugo Blanchet,Hard,0.6411793333333333,0.38296153846153846,1.6742656087844396
1450,Ugo Humbert,Clay,0.5427201587301587,0.37913846153846154,1.4314563511386267
1451,Ugo Humbert,Grass,0.5338397872340426,0.35170833333333335,1.517847991187895
1452,Ugo Humbert,Hard,0.6170455035971223,0.3751571906354515,1.6447652317471344
1454,Ulises Blanch,Clay,0.4963910909090909,0.3520689655172414,1.4099257234440388
1455,Ulises Blanch,Grass,0.57982,0.32799999999999996,1.7677439024390247
1456,Ulises Blanch,Hard,0.5310111111111111,0.35630357142857144,1.4903333945883936
1457,Valentin Royer,Clay,0.5126321428571429,0.38988,1.3148459599290625
1458,Valentin Royer,Grass,0.50666,0.35200000000000004,1.4393749999999998
1459,Valentin Royer,Hard,0.6569502702702703,0.35927692307692305,1.8285345594813331
1460,Valentin Vacherot,Clay,0.5591952941176471,0.39072131147540984,1.4311870832078741
1461,Valentin Vacherot,Grass,0.45814999999999995,0.32,1.4317187499999997
1462,Valentin Vacherot,Hard,0.6740818181818182,0.3658947368421053,1.8422834501516896
1464,Vasek Pospisil,Clay,0.5780114705882353,0.3604047619047619,1.6037842217550298
1465,Vasek Pospisil,Grass,0.58269796875,0.36098529411764707,1.6141875534688557
1466,Vasek Pospisil,Hard,0.5746153374233128,0.35472695035460994,1.6198806909057433
1468,Viktor Durasovic,Clay,0.4895442028985508,0.35782692307692304,1.3681033240567875
1469,Viktor Durasovic,Grass,0.23659999999999995,0.44299999999999995,0.5340857787810384
1470,Viktor Durasovic,Hard,0.5492725641025641,0.3611206896551724,1.5210221397922519
1471,Vilius Gaubas,Clay,0.5819519512195122,0.4030714285714286,1.4437936057191512
1472,Vilius Gaubas,Hard,0.40054749999999995,0.36590909090909096,1.0946639751552791
1474,Vit Kopriva,Clay,0.5295058333333333,0.4282510460251046,1.2364379217471733
1475,Vit Kopriva,Grass,0.6046042857142858,0.3687142857142857,1.6397636574970944
1476,Vit Kopriva,Hard,0.57269125,0.4011470588235294,1.4276341740596818
1478,Vitaliy Sachko,Clay,0.5523573109243697,0.41354929577464794,1.3356504691652558
1479,Vitaliy Sachko,Grass,0.5657649999999999,0.42000000000000004,1.3470595238095233
1480,Vitaliy Sachko,Hard,0.520024880952381,0.3998761904761905,1.3004647271774596
1481,Yan Bai,Clay,0.5159857142857143,0.39834782608695657,1.2953144977702933
1482,Yan Bai,Grass,0.6433266666666667,0.3916,1.6428157984337761
1483,Yan Bai,Hard,0.5365668,0.39161818181818187,1.3701273968150796
1485,Yannick Hanfmann,Clay,0.5917697095435684,0.40427169811320757,1.463792079201785
1486,Yannick Hanfmann,Grass,0.5382293548387096,0.3624242424242424,1.485080995792426
1487,Yannick Hanfmann,Hard,0.563761875,0.36710126582278485,1.5357121521671664
1489,Yasutaka Uchiyama,Clay,0.4861294736842105,0.33969230769230774,1.4310876716247136
1490,Yasutaka Uchiyama,Grass,0.399518125,0.3463157894736842,1.1536237651975685
1491,Yasutaka Uchiyama,Hard,0.5852520744680851,0.3598288888888889,1.626473283663459
1492,Yibing Wu,Clay,0.5925194117647059,0.35807142857142854,1.6547519977470344
1493,Yibing Wu,Grass,0.7276425,0.35019999999999996,2.0777912621359227
1494,Yibing Wu,Hard,0.5519543939393939,0.39352380952380955,1.4025946603009767
1496,Yoshihito Nishioka,Clay,0.5625892783505154,0.3933333333333333,1.4303117246199546
1497,Yoshihito Nishioka,Grass,0.5361638095238095,0.35320833333333335,1.5179817657864134
1498,Yoshihito Nishioka,Hard,0.5610239393939394,0.39390566037735847,1.424259653584269
1499,Yosuke Watanuki,Clay,0.6134875757575758,0.38294594594594594,1.6020213355233472
1500,Yosuke Watanuki,Grass,0.5726758823529412,0.4137777777777778,1.3840179756112971
1501,Yosuke Watanuki,Hard,0.5841216744186046,0.3956104417670683,1.4765072221287072
1505,Yu Hsiou Hsu,Grass,0.51572,0.3854,1.3381421899325374
1506,Yu Hsiou Hsu,Hard,0.5788842222222222,0.38063636363636366,1.5208326831727834
1508,Yusuke Takahashi,Clay,0.4076933333333333,0.38499999999999995,1.058943722943723
1509,Yusuke Takahashi,Hard,0.5791084615384615,0.3730444444444444,1.5523846291315166
1513,Yuta Shimizu,Hard,0.5660651807228916,0.3958627450980392,1.429953153542398
1514,Zachary Svajda,Clay,0.5993430769230769,0.3362,1.7826980277307463
1515,Zachary Svajda,Grass,0.43826099999999996,0.3392857142857143,1.2917166315789472
1516,Zachary Svajda,Hard,0.5925810569105691,0.40087179487179486,1.478230857075105
1518,Zdenek Kolar,Clay,0.5345522522522523,0.4138220640569395,1.2917442028385926
1519,Zdenek Kolar,Grass,0.5626314285714284,0.4412,1.275229892500971
1520,Zdenek Kolar,Hard,0.562450071942446,0.3702275449101797,1.5192010418319932
1522,Zhe Li,Clay,0.44857888888888886,0.352,1.2743718434343434
1523,Zhe Li,Grass,0.5395,0.372875,1.4468655715722427
1524,Zhe Li,Hard,0.5421306722689075,0.3685532786885246,1.470969609056384
1525,Zhizhen Zhang,Clay,0.553790634920635,0.38688805970149254,1.4313975865471729
1526,Zhizhen Zhang,Grass,0.5088539999999999,0.34928,1.4568655519926705
1527,Zhizhen Zhang,Hard,0.5402311377245509,0.3553121693121693,1.520440852815024
1528,Zizou Bergs,Clay,0.58777,0.39369902912621363,1.4929424675100489
1529,Zizou Bergs,Grass,0.5919042857142857,0.36525,1.620545614549721
1530,Zizou Bergs,Hard,0.5706098581560284,0.38440625,1.4843927697742385
1532,Zsombor Piros,Clay,0.537108606557377,0.398301775147929,1.3484966426722433
1533,Zsombor Piros,Grass,0.6595509090909091,0.39745454545454545,1.6594373284537969
1534,Zsombor Piros,Hard,0.5419496296296297,0.3924392523364486,1.3809771229637393
